rank,author,author_alias,attribution_link,asset_count,map_count,mod_count,download_change,adjusted_download_change,current_total,adjusted_current_total,baseline_total,adjusted_baseline_total,latest_snapshot,baseline_snapshot,map_download_change,adjusted_map_download_change,mod_download_change,adjusted_mod_download_change
1,ahkimn,Yukina-,https://subwaybuildermodded.com/credits,143,142,1,578,578,56639,56639,56061,56061,snapshot_2026_10_06.json,snapshot_2026_10_03.json,539,539,39,39
2,pierreggt,pierreggt,https://github.com/pierreggt,77,77,0,138,138,9796,9796,9658,9658,snapshot_2026_10_06.json,snapshot_2026_10_03.json,138,138,0,0
3,BarKuperman,BarKuperman,https://github.com/BarKuperman,14,11,3,133,134,12804,12803,12671,12669,snapshot_2026_10_06.json,snapshot_2026_10_03.json,53,54,80,80
4,rslurry,slurry,https://github.com/rslurry,35,33,2,129,129,23410,23410,23281,23281,snapshot_2026_10_06.json,snapshot_2026_10_03.json,108,108,21,21
5,Valdotorium,Valdotorium,https://github.com/Valdotorium,7,4,3,121,121,15507,15507,15386,15386,snapshot_2026_10_06.json,snapshot_2026_10_03.json,34,34,87,87
6,martig7,martig7,https://github.com/martig7,2,0,2,110,110,11018,11018,10908,10908,snapshot_2026_10_06.json,snapshot_2026_10_03.json,0,0,110,110
7,Maximilian284,max02,https://github.com/Maximilian284,21,21,0,109,109,10603,10603,10494,10494,snapshot_2026_10_06.json,snapshot_2026_10_03.json,109,109,0,0
8,budhakr,budhakr,https://github.com/budhakr,27,26,1,103,103,9827,9827,9724,9724,snapshot_2026_10_06.json,snapshot_2026_10_03.json,98,98,5,5
9,NoahGarrf,NoahGarrf,https://github.com/NoahGarrf,7,0,7,87,87,1474,1474,1387,1387,snapshot_2026_10_06.json,snapshot_2026_10_03.json,0,0,87,87
10,crumpetime,muffintime,https://github.com/crumpetime,9,8,1,81,81,13992,13992,13911,13911,snapshot_2026_10_06.json,snapshot_2026_10_03.json,23,23,58,58
11,YellowAquarium,YellowAquarium,https://github.com/YellowAquarium,1,0,1,79,79,1545,1545,1466,1466,snapshot_2026_10_06.json,snapshot_2026_10_03.json,0,0,79,79
12,devenperez,devenperez,https://github.com/devenperez,8,8,0,73,73,11904,11904,11831,11831,snapshot_2026_10_06.json,snapshot_2026_10_03.json,73,73,0,0
13,seanyushoumori,seanyushoumori,https://github.com/seanyushoumori,5,0,5,68,68,7318,7318,7250,7250,snapshot_2026_10_06.json,snapshot_2026_10_03.json,0,0,68,68
14,ryandicicco,ryandicicco,https://github.com/ryandicicco,11,11,0,61,61,4938,4938,4877,4877,snapshot_2026_10_06.json,snapshot_2026_10_03.json,61,61,0,0
15,nzh0172,naz,https://github.com/nzh0172,8,5,3,60,60,7479,7479,7419,7419,snapshot_2026_10_06.json,snapshot_2026_10_03.json,2,2,58,58
16,Kronifer,Kronifer,https://github.com/Kronifer,10,10,0,40,40,11065,11065,11025,11025,snapshot_2026_10_06.json,snapshot_2026_10_03.json,40,40,0,0
17,hernang87,hernang87,https://github.com/hernang87,1,1,0,38,38,440,440,402,402,snapshot_2026_10_06.json,snapshot_2026_10_03.json,38,38,0,0
18,pendulating,pendulating,https://github.com/pendulating,1,0,1,36,36,2489,2489,2453,2453,snapshot_2026_10_06.json,snapshot_2026_10_03.json,0,0,36,36
19,roquerodrigo,roquerodrigo,https://github.com/roquerodrigo,2,0,2,34,34,2930,2930,2896,2896,snapshot_2026_10_06.json,snapshot_2026_10_03.json,0,0,34,34
20,Zaschrona,Zaschrona,https://github.com/Zaschrona,1,0,1,31,31,378,378,347,347,snapshot_2026_10_06.json,snapshot_2026_10_03.json,0,0,31,31
21,cromstar,cromstar,https://github.com/cromstar,1,1,0,26,26,513,513,487,487,snapshot_2026_10_06.json,snapshot_2026_10_03.json,26,26,0,0
22,rexmhall09,rexmhall09,https://github.com/rexmhall09,1,0,1,25,25,1474,1474,1449,1449,snapshot_2026_10_06.json,snapshot_2026_10_03.json,0,0,25,25
23,Bobby-047,Bobby-047,https://github.com/Bobby-047,1,0,1,23,23,3886,3886,3863,3863,snapshot_2026_10_06.json,snapshot_2026_10_03.json,0,0,23,23
24,patchbaywizard,patchbaywizard,https://github.com/patchbaywizard,1,0,1,23,23,238,238,215,215,snapshot_2026_10_06.json,snapshot_2026_10_03.json,0,0,23,23
25,WillBarouch,WillBarouch,https://github.com/WillBarouch,1,1,0,22,22,1843,1843,1821,1821,snapshot_2026_10_06.json,snapshot_2026_10_03.json,22,22,0,0
26,danielloong714,danielloong714,https://github.com/danielloong714,1,0,1,22,22,538,538,516,516,snapshot_2026_10_06.json,snapshot_2026_10_03.json,0,0,22,22
27,DanielD1909,DanielD1909,https://github.com/DanielD1909,4,1,3,18,18,4249,4249,4231,4231,snapshot_2026_10_06.json,snapshot_2026_10_03.json,0,0,18,18
28,Gio1112,giorgiodabest,https://giorgio.is-a.dev/,1,0,1,17,17,2911,2911,2894,2894,snapshot_2026_10_06.json,snapshot_2026_10_03.json,0,0,17,17
29,Rmerr1,Rmerr1,https://github.com/Rmerr1,1,1,0,17,17,652,652,635,635,snapshot_2026_10_06.json,snapshot_2026_10_03.json,17,17,0,0
30,Mpfk,Mpfk,https://github.com/Mpfk,1,0,1,15,15,2003,2003,1988,1988,snapshot_2026_10_06.json,snapshot_2026_10_03.json,0,0,15,15
31,Meszier83,Meszier83,https://github.com/Meszier83,1,1,0,15,15,357,357,342,342,snapshot_2026_10_06.json,snapshot_2026_10_03.json,15,15,0,0
32,hsullivan1201,hsullivan1201,https://github.com/hsullivan1201,1,0,1,13,13,2736,2736,2723,2723,snapshot_2026_10_06.json,snapshot_2026_10_03.json,0,0,13,13
33,kaicardenas0618,kaicardenas0618,https://github.com/kaicardenas0618,13,10,3,12,12,3983,3983,3971,3971,snapshot_2026_10_06.json,snapshot_2026_10_03.json,1,1,11,11
34,akospanov,akospanov,https://github.com/akospanov,1,1,0,11,11,407,407,396,396,snapshot_2026_10_06.json,snapshot_2026_10_03.json,11,11,0,0
35,prodigious-penguin,prodigious-penguin,https://github.com/prodigious-penguin,1,0,1,9,9,273,273,264,264,snapshot_2026_10_06.json,snapshot_2026_10_03.json,0,0,9,9
36,TransitCore,TransitCore,https://github.com/TransitCore,2,0,2,8,8,1603,1603,1595,1595,snapshot_2026_10_06.json,snapshot_2026_10_03.json,0,0,8,8
37,jelegend,jelegend,https://github.com/jelegend,1,1,0,6,6,3844,3844,3838,3838,snapshot_2026_10_06.json,snapshot_2026_10_03.json,6,6,0,0
38,arniber21,arniber21,https://github.com/arniber21,1,0,1,5,5,364,364,359,359,snapshot_2026_10_06.json,snapshot_2026_10_03.json,0,0,5,5
39,holapapie-png,holapapie-png,https://github.com/holapapie-png,2,2,0,5,5,287,287,282,282,snapshot_2026_10_06.json,snapshot_2026_10_03.json,5,5,0,0
40,MaxCheng95,MaxCheng95,https://github.com/MaxCheng95,2,0,2,5,5,67,67,62,62,snapshot_2026_10_06.json,snapshot_2026_10_03.json,0,0,5,5
41,NerdieSanders,NerdieSanders,https://github.com/NerdieSanders,2,2,0,4,4,1124,1124,1120,1120,snapshot_2026_10_06.json,snapshot_2026_10_03.json,4,4,0,0
42,worstboyinaustral1a,worstboyinaustral1a,https://github.com/worstboyinaustral1a,1,1,0,4,4,410,410,406,406,snapshot_2026_10_06.json,snapshot_2026_10_03.json,4,4,0,0
43,Tesarzh,Tesarzh,https://github.com/Tesarzh,1,0,1,4,4,290,290,286,286,snapshot_2026_10_06.json,snapshot_2026_10_03.json,0,0,4,4
44,Capitao-piolho,Miguel Sousa,https://github.com/Capitao-piolho,1,1,0,3,3,657,657,654,654,snapshot_2026_10_06.json,snapshot_2026_10_03.json,3,3,0,0
45,m4d5hr1mp,m4d5hr1mp,https://github.com/m4d5hr1mp,1,0,1,3,3,340,340,337,337,snapshot_2026_10_06.json,snapshot_2026_10_03.json,0,0,3,3
46,xoaninc,xoaninc,https://github.com/xoaninc,1,0,1,3,3,219,219,216,216,snapshot_2026_10_06.json,snapshot_2026_10_03.json,0,0,3,3
47,JayToTheAy,JayToTheAy,https://github.com/JayToTheAy,1,1,0,3,3,190,190,187,187,snapshot_2026_10_06.json,snapshot_2026_10_03.json,3,3,0,0
48,lexenygma,lexenygma,https://github.com/lexenygma,1,1,0,2,2,174,174,172,172,snapshot_2026_10_06.json,snapshot_2026_10_03.json,2,2,0,0
49,JGuylherme,JGuylherme,https://github.com/JGuylherme,1,1,0,1,1,224,224,223,223,snapshot_2026_10_06.json,snapshot_2026_10_03.json,1,1,0,0
50,giannons46,giannons46,https://github.com/giannons46,1,1,0,1,1,203,203,202,202,snapshot_2026_10_06.json,snapshot_2026_10_03.json,1,1,0,0
51,JcPires,JcPires,https://github.com/JcPires,1,1,0,1,1,110,110,109,109,snapshot_2026_10_06.json,snapshot_2026_10_03.json,1,1,0,0
52,stefanorigano,Steno,https://github.com/stefanorigano,1,0,1,0,0,13939,13939,13939,13939,snapshot_2026_10_06.json,snapshot_2026_10_03.json,0,0,0,0
53,PSWBSF,Potato Spaghetti Water Balloon Space Federation,https://youtu.be/dQw4w9WgXcQ?t=0,10,10,0,0,0,1715,1713,1715,1713,snapshot_2026_10_06.json,snapshot_2026_10_03.json,0,0,0,0
54,soccerjonj,soccerjonj,https://github.com/soccerjonj,7,7,0,0,0,1648,1648,1648,1648,snapshot_2026_10_06.json,snapshot_2026_10_03.json,0,0,0,0
55,IMB11,IMB11,https://github.com/IMB11,2,0,2,0,0,1262,1262,1262,1262,snapshot_2026_10_06.json,snapshot_2026_10_03.json,0,0,0,0
56,chasemanning040911-afk,lechicken,https://github.com/chasemanning040911-afk,1,1,0,0,0,380,380,380,380,snapshot_2026_10_06.json,snapshot_2026_10_03.json,0,0,0,0
57,metatablestudios,metatablestudios,https://github.com/metatablestudios,1,1,0,0,0,314,314,314,314,snapshot_2026_10_06.json,snapshot_2026_10_03.json,0,0,0,0
58,bquelhas,bquelhas,https://github.com/bquelhas,1,1,0,0,0,268,268,268,268,snapshot_2026_10_06.json,snapshot_2026_10_03.json,0,0,0,0
59,TathanDev,TathanDev,https://github.com/TathanDev,1,0,1,0,0,221,221,221,221,snapshot_2026_10_06.json,snapshot_2026_10_03.json,0,0,0,0
60,bean1322,bean1322,https://github.com/bean1322,2,2,0,0,0,183,183,183,183,snapshot_2026_10_06.json,snapshot_2026_10_03.json,0,0,0,0
61,Phineapoo,Phineapoo,https://github.com/Phineapoo,1,1,0,0,0,157,157,157,157,snapshot_2026_10_06.json,snapshot_2026_10_03.json,0,0,0,0
62,matematysek,matematysek,https://github.com/matematysek,1,0,1,0,0,23,23,23,23,snapshot_2026_10_06.json,snapshot_2026_10_03.json,0,0,0,0
63,luu8358,luu8358,https://github.com/luu8358,1,0,1,0,0,2,2,2,2,snapshot_2026_10_06.json,snapshot_2026_10_03.json,0,0,0,0
64,subway-builder-modded-admin,Subway Builder Modded,https://subwaybuildermodded.com,2,0,2,0,0,0,0,0,0,snapshot_2026_10_06.json,snapshot_2026_10_03.json,0,0,0,0
