rank,author,author_alias,attribution_link,asset_count,map_count,mod_count,total_downloads,adjusted_total_downloads,caretaken_asset_count
1,ahkimn,Yukina-,https://subwaybuildermodded.com/credits,143,142,1,57169,57169,0
2,pierreggt,pierreggt,https://github.com/pierreggt,77,77,0,9597,9597,0
3,rslurry,slurry,https://github.com/rslurry,35,33,2,23229,23229,0
4,budhakr,budhakr,https://github.com/budhakr,27,26,1,9687,9687,0
5,Maximilian284,max02,https://github.com/Maximilian284,21,21,0,10436,10436,0
6,subway-builder-modded-admin,Subway Builder Modded,https://subwaybuildermodded.com,19,17,2,14870,14870,0
7,kaicardenas0618,kaicardenas0618,https://github.com/kaicardenas0618,13,10,3,5386,5386,0
8,Kronifer,Kronifer,https://github.com/Kronifer,10,10,0,10993,10993,0
9,PSWBSF,Potato Spaghetti Water Balloon Space Federation,https://youtu.be/dQw4w9WgXcQ?t=0,10,10,0,1715,1713,0
10,crumpetime,muffintime,https://github.com/crumpetime,9,8,1,13917,13917,0
11,nzh0172,naz,https://github.com/nzh0172,8,5,3,7399,7399,0
12,ryandicicco,ryandicicco,https://github.com/ryandicicco,8,8,0,4862,4862,0
13,Valdotorium,Valdotorium,https://github.com/Valdotorium,7,4,3,15342,15342,0
14,soccerjonj,soccerjonj,https://github.com/soccerjonj,7,7,0,1648,1648,0
15,NoahGarrf,NoahGarrf,https://github.com/NoahGarrf,7,0,7,1345,1345,0
16,BarKuperman,BarKuperman,https://github.com/BarKuperman,5,2,3,9548,9548,9
17,seanyushoumori,seanyushoumori,https://github.com/seanyushoumori,5,0,5,7225,7225,0
18,DanielD1909,DanielD1909,https://github.com/DanielD1909,4,1,3,4217,4217,0
19,martig7,martig7,https://github.com/martig7,2,0,2,10870,10870,0
20,roquerodrigo,roquerodrigo,https://github.com/roquerodrigo,2,0,2,2883,2883,0
21,TransitCore,TransitCore,https://github.com/TransitCore,2,0,2,1592,1592,0
22,IMB11,IMB11,https://github.com/IMB11,2,0,2,1262,1262,0
23,NerdieSanders,NerdieSanders,https://github.com/NerdieSanders,2,2,0,1119,1119,0
24,holapapie-png,holapapie-png,https://github.com/holapapie-png,2,2,0,277,277,0
25,bean1322,bean1322,https://github.com/bean1322,2,2,0,183,183,0
26,MaxCheng95,MaxCheng95,https://github.com/MaxCheng95,2,0,2,60,60,0
27,stefanorigano,Steno,https://github.com/stefanorigano,1,0,1,13939,13939,0
28,Bobby-047,Bobby-047,https://github.com/Bobby-047,1,0,1,3852,3852,0
29,jelegend,jelegend,https://github.com/jelegend,1,1,0,3832,3832,0
30,Gio1112,giorgiodabest,https://giorgio.is-a.dev/,1,0,1,2887,2887,0
31,hsullivan1201,hsullivan1201,https://github.com/hsullivan1201,1,0,1,2715,2715,0
32,pendulating,pendulating,https://github.com/pendulating,1,0,1,2438,2438,0
33,Mpfk,Mpfk,https://github.com/Mpfk,1,0,1,1982,1982,0
34,WillBarouch,WillBarouch,https://github.com/WillBarouch,1,1,0,1799,1799,0
35,rexmhall09,rexmhall09,https://github.com/rexmhall09,1,0,1,1439,1439,0
36,bquelhas,bquelhas,https://github.com/bquelhas,1,1,0,921,921,0
37,Rmerr1,Rmerr1,https://github.com/Rmerr1,1,1,0,629,629,0
38,danielloong714,danielloong714,https://github.com/danielloong714,1,0,1,503,503,0
39,cromstar,cromstar,https://github.com/cromstar,1,1,0,478,478,0
40,worstboyinaustral1a,worstboyinaustral1a,https://github.com/worstboyinaustral1a,1,1,0,405,405,0
41,akospanov,akospanov,https://github.com/akospanov,1,1,0,387,387,0
42,hernang87,hernang87,https://github.com/hernang87,1,1,0,384,384,0
43,chasemanning040911-afk,lechicken,https://github.com/chasemanning040911-afk,1,1,0,380,380,0
44,arniber21,arniber21,https://github.com/arniber21,1,0,1,353,353,0
45,Zaschrona,Zaschrona,https://github.com/Zaschrona,1,0,1,338,338,0
46,m4d5hr1mp,m4d5hr1mp,https://github.com/m4d5hr1mp,1,0,1,336,336,0
47,Meszier83,Meszier83,https://github.com/Meszier83,1,1,0,336,336,0
48,metatablestudios,metatablestudios,https://github.com/metatablestudios,1,1,0,314,314,0
49,Tesarzh,Tesarzh,https://github.com/Tesarzh,1,0,1,284,284,0
50,prodigious-penguin,prodigious-penguin,https://github.com/prodigious-penguin,1,0,1,262,262,0
51,TathanDev,TathanDev,https://github.com/TathanDev,1,0,1,221,221,0
52,JGuylherme,JGuylherme,https://github.com/JGuylherme,1,1,0,220,220,0
53,xoaninc,xoaninc,https://github.com/xoaninc,1,0,1,215,215,0
54,patchbaywizard,patchbaywizard,https://github.com/patchbaywizard,1,0,1,205,205,0
55,giannons46,giannons46,https://github.com/giannons46,1,1,0,198,198,0
56,JayToTheAy,JayToTheAy,https://github.com/JayToTheAy,1,1,0,187,187,0
57,lexenygma,lexenygma,https://github.com/lexenygma,1,1,0,171,171,0
58,Phineapoo,Phineapoo,https://github.com/Phineapoo,1,1,0,157,157,0
59,JcPires,JcPires,https://github.com/JcPires,1,1,0,108,108,1
60,matematysek,matematysek,https://github.com/matematysek,1,0,1,23,23,0
61,luu8358,luu8358,https://github.com/luu8358,1,0,1,2,2,0
62,Capitao-piolho,Miguel Sousa,https://github.com/Capitao-piolho,0,0,0,0,0,1
63,devenperez,devenperez,https://github.com/devenperez,0,0,0,0,0,8
64,YellowAquarium,YellowAquarium,https://github.com/YellowAquarium,0,0,0,0,0,1
