rank,listing_type,id,name,author,author_alias,attribution_link,download_change,adjusted_download_change,current_total,adjusted_current_total,baseline_total,adjusted_baseline_total,latest_snapshot,baseline_snapshot
1,mod,transit-overlay,Transit Overlay,BarKuperman,BarKuperman,https://github.com/BarKuperman,252,252,6017,6017,5765,5765,snapshot_2026_10_09.json,snapshot_2026_10_02.json
2,map,yukina-ua-kyiv,Київ / Kyiv,ahkimn,Yukina-,https://subwaybuildermodded.com/credits,252,252,790,790,538,538,snapshot_2026_10_09.json,snapshot_2026_10_02.json
3,map,seoul-4,Seoul,budhakr,budhakr,https://github.com/budhakr,189,189,3342,3342,3153,3153,snapshot_2026_10_09.json,snapshot_2026_10_02.json
4,mod,improved-schematics,Improved Schematics,martig7,martig7,https://github.com/martig7,175,175,6568,6568,6393,6393,snapshot_2026_10_09.json,snapshot_2026_10_02.json
5,mod,japanese-trains,Japanese Trains,kaicardenas0618,kaicardenas0618,https://github.com/kaicardenas0618,152,152,2587,2587,2435,2435,snapshot_2026_10_09.json,snapshot_2026_10_02.json
6,mod,distance-circles,Station Catchment Viewer,crumpetime,muffintime,https://github.com/crumpetime,133,133,8702,8702,8569,8569,snapshot_2026_10_09.json,snapshot_2026_10_02.json
7,map,genoa,Genoa,Maximilian284,max02,https://github.com/Maximilian284,120,120,415,415,295,295,snapshot_2026_10_09.json,snapshot_2026_10_02.json
8,map,yukina-ua-lviv,Львів / Lviv,ahkimn,Yukina-,https://subwaybuildermodded.com/credits,118,118,299,299,181,181,snapshot_2026_10_09.json,snapshot_2026_10_02.json
9,map,yukina-ua-kharkiv,Харків / Kharkiv,ahkimn,Yukina-,https://subwaybuildermodded.com/credits,115,115,289,289,174,174,snapshot_2026_10_09.json,snapshot_2026_10_02.json
10,map,yukina-ua-odesa,Одеса / Odesa,ahkimn,Yukina-,https://subwaybuildermodded.com/credits,107,107,290,290,183,183,snapshot_2026_10_09.json,snapshot_2026_10_02.json
11,map,yukina-ua-dnipro,Дніпро / Dnipro,ahkimn,Yukina-,https://subwaybuildermodded.com/credits,100,100,255,255,155,155,snapshot_2026_10_09.json,snapshot_2026_10_02.json
12,mod,subwaybuilder-regions,Regions,ahkimn,Yukina-,https://subwaybuildermodded.com/credits,88,88,5703,5703,5615,5615,snapshot_2026_10_09.json,snapshot_2026_10_02.json
13,mod,induced-demand,Induced Demand,martig7,martig7,https://github.com/martig7,87,87,4564,4564,4477,4477,snapshot_2026_10_09.json,snapshot_2026_10_02.json
14,mod,upzoned-transit,Upzoned Transit,NoahGarrf,NoahGarrf,https://github.com/NoahGarrf,87,87,709,709,622,622,snapshot_2026_10_09.json,snapshot_2026_10_02.json
15,mod,neighborhood-station-names,Neighborhood Station Names,pendulating,pendulating,https://github.com/pendulating,82,82,2520,2520,2438,2438,snapshot_2026_10_09.json,snapshot_2026_10_02.json
16,map,yukina-ua-zaporizhzhia,Запоріжжя / Zaporizhzhia,ahkimn,Yukina-,https://subwaybuildermodded.com/credits,75,75,169,169,94,94,snapshot_2026_10_09.json,snapshot_2026_10_02.json
17,mod,station-dots,Station Dots,nzh0172,naz,https://github.com/nzh0172,73,73,3492,3492,3419,3419,snapshot_2026_10_09.json,snapshot_2026_10_02.json
18,mod,valdotoriums-trains,Valdotoriums S-Bahn and Trams,Valdotorium,Valdotorium,https://github.com/Valdotorium,72,72,4094,4094,4022,4022,snapshot_2026_10_09.json,snapshot_2026_10_02.json
19,map,amba,Buenos Aires,hernang87,hernang87,https://github.com/hernang87,72,72,456,456,384,384,snapshot_2026_10_09.json,snapshot_2026_10_02.json
20,map,toronto,Toronto,subway-builder-modded-admin,Subway Builder Modded,https://subwaybuildermodded.com,67,67,3614,3614,3547,3547,snapshot_2026_10_09.json,snapshot_2026_10_02.json
21,map,nz-wellington,Wellington,subway-builder-modded-admin,Subway Builder Modded,https://subwaybuildermodded.com,67,67,376,376,309,309,snapshot_2026_10_09.json,snapshot_2026_10_02.json
22,map,yukina-ua-kryvyi-rih,Кривий Ріг / Kryvyi Rih,ahkimn,Yukina-,https://subwaybuildermodded.com/credits,67,67,168,168,101,101,snapshot_2026_10_09.json,snapshot_2026_10_02.json
23,mod,network-status,Network Status,Valdotorium,Valdotorium,https://github.com/Valdotorium,62,62,3158,3158,3096,3096,snapshot_2026_10_09.json,snapshot_2026_10_02.json
24,mod,game-speedup,Game SpeedUp,Valdotorium,Valdotorium,https://github.com/Valdotorium,61,61,2777,2777,2716,2716,snapshot_2026_10_09.json,snapshot_2026_10_02.json
25,mod,intercity-hsr-trains,"Intercity, HSR & Express Metro Trains",danielloong714,danielloong714,https://github.com/danielloong714,60,60,563,563,503,503,snapshot_2026_10_09.json,snapshot_2026_10_02.json
26,mod,demand-developer,Demand Developer,Zaschrona,Zaschrona,https://github.com/Zaschrona,60,60,398,398,338,338,snapshot_2026_10_09.json,snapshot_2026_10_02.json
27,mod,orbital-surveyor,Orbital Surveyor,BarKuperman,BarKuperman,https://github.com/BarKuperman,59,59,2533,2533,2474,2474,snapshot_2026_10_09.json,snapshot_2026_10_02.json
28,map,sydney,Sydney,WillBarouch,WillBarouch,https://github.com/WillBarouch,57,57,1856,1856,1799,1799,snapshot_2026_10_09.json,snapshot_2026_10_02.json
29,mod,time-boost,Time Boost,patchbaywizard,patchbaywizard,https://github.com/patchbaywizard,57,57,262,262,205,205,snapshot_2026_10_09.json,snapshot_2026_10_02.json
30,map,mfn-hong-kong,Hong Kong,crumpetime,muffintime,https://github.com/crumpetime,54,54,3247,3247,3193,3193,snapshot_2026_10_09.json,snapshot_2026_10_02.json
31,mod,subway-builder-performance,Subway Builder Performance,rexmhall09,rexmhall09,https://github.com/rexmhall09,52,52,1491,1491,1439,1439,snapshot_2026_10_09.json,snapshot_2026_10_02.json
32,mod,larp-builder,Larp Builder - The Biblically Accurate North American Transit Experience,NoahGarrf,NoahGarrf,https://github.com/NoahGarrf,52,52,148,148,96,96,snapshot_2026_10_09.json,snapshot_2026_10_02.json
33,mod,simple-trains,Simple Trains,Bobby-047,Bobby-047,https://github.com/Bobby-047,51,51,3903,3903,3852,3852,snapshot_2026_10_09.json,snapshot_2026_10_02.json
34,mod,auto-lines,Auto Lines,roquerodrigo,roquerodrigo,https://github.com/roquerodrigo,50,50,1676,1676,1626,1626,snapshot_2026_10_09.json,snapshot_2026_10_02.json
35,mod,track-anarchy,Track Anarchy,seanyushoumori,seanyushoumori,https://github.com/seanyushoumori,49,49,2086,2086,2037,2037,snapshot_2026_10_09.json,snapshot_2026_10_02.json
36,map,yukina-hu-budapest,Budapest,ahkimn,Yukina-,https://subwaybuildermodded.com/credits,46,46,274,274,228,228,snapshot_2026_10_09.json,snapshot_2026_10_02.json
37,mod,track-visualizer,track height visualizer,seanyushoumori,seanyushoumori,https://github.com/seanyushoumori,45,45,2736,2736,2691,2691,snapshot_2026_10_09.json,snapshot_2026_10_02.json
38,map,montreal,Montreal,subway-builder-modded-admin,Subway Builder Modded,https://subwaybuildermodded.com,44,44,2513,2513,2469,2469,snapshot_2026_10_09.json,snapshot_2026_10_02.json
39,mod,missed-connections,Missed Connections,rslurry,slurry,https://github.com/rslurry,44,44,2073,2073,2029,2029,snapshot_2026_10_09.json,snapshot_2026_10_02.json
40,mod,scrollable-dropdowns,Scrollable Dropdowns,seanyushoumori,seanyushoumori,https://github.com/seanyushoumori,44,44,1871,1871,1827,1827,snapshot_2026_10_09.json,snapshot_2026_10_02.json
41,mod,any-money,anyMoney,nzh0172,naz,https://github.com/nzh0172,43,43,2640,2640,2597,2597,snapshot_2026_10_09.json,snapshot_2026_10_02.json
42,map,vancouver,Vancouver,subway-builder-modded-admin,Subway Builder Modded,https://subwaybuildermodded.com,43,43,2106,2106,2063,2063,snapshot_2026_10_09.json,snapshot_2026_10_02.json
43,mod,mode-manager,Mode Manager,Mpfk,Mpfk,https://github.com/Mpfk,42,42,2024,2024,1982,1982,snapshot_2026_10_09.json,snapshot_2026_10_02.json
44,mod,citymapper,Citymapper,Gio1112,giorgiodabest,https://giorgio.is-a.dev/,39,39,2926,2926,2887,2887,snapshot_2026_10_09.json,snapshot_2026_10_02.json
45,map,berlin-val,Berlin,Valdotorium,Valdotorium,https://github.com/Valdotorium,39,39,2732,2732,2693,2693,snapshot_2026_10_09.json,snapshot_2026_10_02.json
46,map,singapore-val,Singapore,Valdotorium,Valdotorium,https://github.com/Valdotorium,39,39,1950,1950,1911,1911,snapshot_2026_10_09.json,snapshot_2026_10_02.json
47,map,moscow-and-oblast,Moscow,akospanov,akospanov,https://github.com/akospanov,39,39,426,426,387,387,snapshot_2026_10_09.json,snapshot_2026_10_02.json
48,mod,dantrains-abridged,Dan Trains Abridged,DanielD1909,DanielD1909,https://github.com/DanielD1909,38,38,1107,1107,1069,1069,snapshot_2026_10_09.json,snapshot_2026_10_02.json
49,map,seoul,Seoul,cromstar,cromstar,https://github.com/cromstar,38,38,516,516,478,478,snapshot_2026_10_09.json,snapshot_2026_10_02.json
50,map,yukina-tw-taipei,臺北 (Taipei),ahkimn,Yukina-,https://subwaybuildermodded.com/credits,37,37,2309,2309,2272,2272,snapshot_2026_10_09.json,snapshot_2026_10_02.json
51,mod,tod,Transit-Oriented Development[beta],hsullivan1201,hsullivan1201,https://github.com/hsullivan1201,35,35,2750,2750,2715,2715,snapshot_2026_10_09.json,snapshot_2026_10_02.json
52,map,yukina-cz-praha,Praha,ahkimn,Yukina-,https://subwaybuildermodded.com/credits,35,35,2724,2724,2689,2689,snapshot_2026_10_09.json,snapshot_2026_10_02.json
53,map,vienna,Vienna,Rmerr1,Rmerr1,https://github.com/Rmerr1,35,35,664,664,629,629,snapshot_2026_10_09.json,snapshot_2026_10_02.json
54,map,yukina-ua-zhytomyr,Житомир / Zhytomyr,ahkimn,Yukina-,https://subwaybuildermodded.com/credits,35,35,55,55,20,20,snapshot_2026_10_09.json,snapshot_2026_10_02.json
55,map,oslo-no,Oslo,rslurry,slurry,https://github.com/rslurry,34,34,927,927,893,893,snapshot_2026_10_09.json,snapshot_2026_10_02.json
56,map,yukina-ua-mykolaiv-kherson,Миколаїв - Херсон / Mykolaiv & Kherson,ahkimn,Yukina-,https://subwaybuildermodded.com/credits,34,34,59,59,25,25,snapshot_2026_10_09.json,snapshot_2026_10_02.json
57,map,yukina-ua-vinnytsia,Вінниця / Vinnytsia,ahkimn,Yukina-,https://subwaybuildermodded.com/credits,34,34,54,54,20,20,snapshot_2026_10_09.json,snapshot_2026_10_02.json
58,map,yukina-ua-chernihiv,Чернігів / Chernihiv,ahkimn,Yukina-,https://subwaybuildermodded.com/credits,33,33,55,55,22,22,snapshot_2026_10_09.json,snapshot_2026_10_02.json
59,map,yukina-ua-kropyvnytskyi,Кропивницький / Kropyvnytskyi,ahkimn,Yukina-,https://subwaybuildermodded.com/credits,33,33,50,50,17,17,snapshot_2026_10_09.json,snapshot_2026_10_02.json
60,map,yukina-ua-sumy,Суми / Sumy,ahkimn,Yukina-,https://subwaybuildermodded.com/credits,32,32,52,52,20,20,snapshot_2026_10_09.json,snapshot_2026_10_02.json
61,map,yukina-ua-ivano-frankivsk,Івано-Франківськ / Ivano-Frankivsk,ahkimn,Yukina-,https://subwaybuildermodded.com/credits,32,32,47,47,15,15,snapshot_2026_10_09.json,snapshot_2026_10_02.json
62,map,yukina-ua-uzhhorod-mukachevo,Закарпаття / Transcarpathia,ahkimn,Yukina-,https://subwaybuildermodded.com/credits,31,31,56,56,25,25,snapshot_2026_10_09.json,snapshot_2026_10_02.json
63,map,yukina-ua-rivne-lutsk,Рівне - Луцьк / Rivne & Lutsk,ahkimn,Yukina-,https://subwaybuildermodded.com/credits,31,31,54,54,23,23,snapshot_2026_10_09.json,snapshot_2026_10_02.json
64,map,yukina-ua-khmelnytskyi,Хмельницький / Khmelnytskyi,ahkimn,Yukina-,https://subwaybuildermodded.com/credits,31,31,53,53,22,22,snapshot_2026_10_09.json,snapshot_2026_10_02.json
65,map,yukina-ua-chernivtsi,Чернівці / Chernivtsi,ahkimn,Yukina-,https://subwaybuildermodded.com/credits,31,31,51,51,20,20,snapshot_2026_10_09.json,snapshot_2026_10_02.json
66,map,yukina-ua-cherkasy,Черкаси / Cherkasy,ahkimn,Yukina-,https://subwaybuildermodded.com/credits,31,31,50,50,19,19,snapshot_2026_10_09.json,snapshot_2026_10_02.json
67,map,yukina-ua-ternopil,Тернопіль / Ternopil,ahkimn,Yukina-,https://subwaybuildermodded.com/credits,31,31,50,50,19,19,snapshot_2026_10_09.json,snapshot_2026_10_02.json
68,map,yukina-ua-kremenchuk,Кременчук / Kremenchuk,ahkimn,Yukina-,https://subwaybuildermodded.com/credits,31,31,49,49,18,18,snapshot_2026_10_09.json,snapshot_2026_10_02.json
69,map,yukina-ua-poltava,Полтава / Poltava,ahkimn,Yukina-,https://subwaybuildermodded.com/credits,31,31,48,48,17,17,snapshot_2026_10_09.json,snapshot_2026_10_02.json
70,map,barcelona,Barcelona,Maximilian284,max02,https://github.com/Maximilian284,29,29,1959,1959,1930,1930,snapshot_2026_10_09.json,snapshot_2026_10_02.json
71,map,mumbai,Mumbai,ryandicicco,ryandicicco,https://github.com/ryandicicco,29,29,29,29,0,0,snapshot_2026_10_09.json,snapshot_2026_10_02.json
72,map,yukina-tokyo,東京 (Tōkyō),ahkimn,Yukina-,https://subwaybuildermodded.com/credits,28,28,896,896,868,868,snapshot_2026_10_09.json,snapshot_2026_10_02.json
73,map,cancun-riviera-maya,Cancun / Riviera Maya,Meszier83,Meszier83,https://github.com/Meszier83,28,28,364,364,336,336,snapshot_2026_10_09.json,snapshot_2026_10_02.json
74,mod,map-markers,Map Markers,roquerodrigo,roquerodrigo,https://github.com/roquerodrigo,27,27,1284,1284,1257,1257,snapshot_2026_10_09.json,snapshot_2026_10_02.json
75,map,hamburg,Hamburg,pierreggt,pierreggt,https://github.com/pierreggt,26,26,289,289,263,263,snapshot_2026_10_09.json,snapshot_2026_10_02.json
76,map,greater-los-angeles,Greater Los Angeles,rslurry,slurry,https://github.com/rslurry,25,25,3881,3881,3856,3856,snapshot_2026_10_09.json,snapshot_2026_10_02.json
77,map,muenchen,München,pierreggt,pierreggt,https://github.com/pierreggt,25,25,289,289,264,264,snapshot_2026_10_09.json,snapshot_2026_10_02.json
78,map,madrid,Madrid,Maximilian284,max02,https://github.com/Maximilian284,23,23,1758,1758,1735,1735,snapshot_2026_10_09.json,snapshot_2026_10_02.json
79,mod,lrt-trains,LRT Trains,kaicardenas0618,kaicardenas0618,https://github.com/kaicardenas0618,23,23,1203,1203,1180,1180,snapshot_2026_10_09.json,snapshot_2026_10_02.json
80,map,zurich,Zurich,Kronifer,Kronifer,https://github.com/Kronifer,22,22,2292,2292,2270,2270,snapshot_2026_10_09.json,snapshot_2026_10_02.json
81,map,milan,Milan,Maximilian284,max02,https://github.com/Maximilian284,22,22,1158,1158,1136,1136,snapshot_2026_10_09.json,snapshot_2026_10_02.json
82,mod,train-anarchy,Train Anarchy,seanyushoumori,seanyushoumori,https://github.com/seanyushoumori,22,22,476,476,454,454,snapshot_2026_10_09.json,snapshot_2026_10_02.json
83,map,jelegend-tokyo,東京 (Tokyo),jelegend,jelegend,https://github.com/jelegend,21,21,3853,3853,3832,3832,snapshot_2026_10_09.json,snapshot_2026_10_02.json
84,map,yukina-pl-warszawa,Warszawa,ahkimn,Yukina-,https://subwaybuildermodded.com/credits,21,21,1820,1820,1799,1799,snapshot_2026_10_09.json,snapshot_2026_10_02.json
85,map,au-melbourne,Melbourne,subway-builder-modded-admin,Subway Builder Modded,https://subwaybuildermodded.com,21,21,626,626,605,605,snapshot_2026_10_09.json,snapshot_2026_10_02.json
86,map,au-brisbane,Brisbane,subway-builder-modded-admin,Subway Builder Modded,https://subwaybuildermodded.com,21,21,370,370,349,349,snapshot_2026_10_09.json,snapshot_2026_10_02.json
87,map,baghdad,Baghdad,pierreggt,pierreggt,https://github.com/pierreggt,21,21,232,232,211,211,snapshot_2026_10_09.json,snapshot_2026_10_02.json
88,map,shanghai,Shanghai,Kronifer,Kronifer,https://github.com/Kronifer,19,19,1893,1893,1874,1874,snapshot_2026_10_09.json,snapshot_2026_10_02.json
89,map,chongqing,Chongqing,Kronifer,Kronifer,https://github.com/Kronifer,19,19,1029,1029,1010,1010,snapshot_2026_10_09.json,snapshot_2026_10_02.json
90,map,ottawa,Ottawa,subway-builder-modded-admin,Subway Builder Modded,https://subwaybuildermodded.com,19,19,949,949,930,930,snapshot_2026_10_09.json,snapshot_2026_10_02.json
91,map,rotterdam-the-hague,Rotterdam-The Hague,ryandicicco,ryandicicco,https://github.com/ryandicicco,19,19,909,909,890,890,snapshot_2026_10_09.json,snapshot_2026_10_02.json
92,map,istanbul,Istanbul,pierreggt,pierreggt,https://github.com/pierreggt,19,19,625,625,606,606,snapshot_2026_10_09.json,snapshot_2026_10_02.json
93,map,rhein-main-neckar,Frankfurt (Rhein-Main-Neckar),pierreggt,pierreggt,https://github.com/pierreggt,19,19,304,304,285,285,snapshot_2026_10_09.json,snapshot_2026_10_02.json
94,map,kolkata,Kolkata,ryandicicco,ryandicicco,https://github.com/ryandicicco,19,19,19,19,0,0,snapshot_2026_10_09.json,snapshot_2026_10_02.json
95,map,paris-ile-de-france,Paris - Ile de France,pierreggt,pierreggt,https://github.com/pierreggt,18,18,1644,1644,1626,1626,snapshot_2026_10_09.json,snapshot_2026_10_02.json
96,mod,penguin-approved-rolling-stock,Penguin-Approved Rolling Stock,prodigious-penguin,prodigious-penguin,https://github.com/prodigious-penguin,18,18,280,280,262,262,snapshot_2026_10_09.json,snapshot_2026_10_02.json
97,map,yukina-sk-bratislava,Bratislava,ahkimn,Yukina-,https://subwaybuildermodded.com/credits,18,18,246,246,228,228,snapshot_2026_10_09.json,snapshot_2026_10_02.json
98,mod,noah-great-society,Great Society Metro Train,NoahGarrf,NoahGarrf,https://github.com/NoahGarrf,18,18,232,232,214,214,snapshot_2026_10_09.json,snapshot_2026_10_02.json
99,map,chennai,Chennai,ryandicicco,ryandicicco,https://github.com/ryandicicco,18,18,18,18,0,0,snapshot_2026_10_09.json,snapshot_2026_10_02.json
100,map,ciudad-de-mexico,Ciudad de México,rslurry,slurry,https://github.com/rslurry,17,17,2220,2220,2203,2203,snapshot_2026_10_09.json,snapshot_2026_10_02.json
101,map,amsterdam,Amsterdam,ryandicicco,ryandicicco,https://github.com/ryandicicco,17,17,1830,1830,1813,1813,snapshot_2026_10_09.json,snapshot_2026_10_02.json
102,map,beijing,Beijing,Kronifer,Kronifer,https://github.com/Kronifer,17,17,1180,1180,1163,1163,snapshot_2026_10_09.json,snapshot_2026_10_02.json
103,map,shenzhen,Shenzhen,Kronifer,Kronifer,https://github.com/Kronifer,16,16,1314,1314,1298,1298,snapshot_2026_10_09.json,snapshot_2026_10_02.json
104,map,rome,Rome,Maximilian284,max02,https://github.com/Maximilian284,16,16,1187,1187,1171,1171,snapshot_2026_10_09.json,snapshot_2026_10_02.json
105,map,yukina-pl-krakow,Kraków,ahkimn,Yukina-,https://subwaybuildermodded.com/credits,16,16,1130,1130,1114,1114,snapshot_2026_10_09.json,snapshot_2026_10_02.json
106,mod,satellite-overlay,Satellite Overlay,TransitCore,TransitCore,https://github.com/TransitCore,16,16,976,976,960,960,snapshot_2026_10_09.json,snapshot_2026_10_02.json
107,mod,danield1909-realism-pathfinding,Pathfinding Realism Mod,DanielD1909,DanielD1909,https://github.com/DanielD1909,15,15,354,354,339,339,snapshot_2026_10_09.json,snapshot_2026_10_02.json
108,map,quebec-city,Quebec City,subway-builder-modded-admin,Subway Builder Modded,https://subwaybuildermodded.com,14,14,747,747,733,733,snapshot_2026_10_09.json,snapshot_2026_10_02.json
109,mod,basedgoat-trains,BasedGoat Trains,arniber21,arniber21,https://github.com/arniber21,14,14,367,367,353,353,snapshot_2026_10_09.json,snapshot_2026_10_02.json
110,map,yukina-osaka,大阪 (Ōsaka),ahkimn,Yukina-,https://subwaybuildermodded.com/credits,13,13,2942,2942,2929,2929,snapshot_2026_10_09.json,snapshot_2026_10_02.json
111,map,guangzhou,Guangzhou,Kronifer,Kronifer,https://github.com/Kronifer,13,13,1461,1461,1448,1448,snapshot_2026_10_09.json,snapshot_2026_10_02.json
112,map,helsinki,Helsinki,rslurry,slurry,https://github.com/rslurry,13,13,1432,1432,1419,1419,snapshot_2026_10_09.json,snapshot_2026_10_02.json
113,map,busan-4,Busan,budhakr,budhakr,https://github.com/budhakr,13,13,1230,1230,1217,1217,snapshot_2026_10_09.json,snapshot_2026_10_02.json
114,map,baltimore-dc-corridor,Baltimore-DC Corridor,rslurry,slurry,https://github.com/rslurry,13,13,1096,1096,1083,1083,snapshot_2026_10_09.json,snapshot_2026_10_02.json
115,map,orlando,Orlando,rslurry,slurry,https://github.com/rslurry,13,13,589,589,576,576,snapshot_2026_10_09.json,snapshot_2026_10_02.json
116,map,tampa-bay,Tampa Bay,rslurry,slurry,https://github.com/rslurry,12,12,1073,1073,1061,1061,snapshot_2026_10_09.json,snapshot_2026_10_02.json
117,map,yukina-ee-tallinn,Tallinn,ahkimn,Yukina-,https://subwaybuildermodded.com/credits,12,12,855,855,843,843,snapshot_2026_10_09.json,snapshot_2026_10_02.json
118,map,dubai,Dubai,ryandicicco,ryandicicco,https://github.com/ryandicicco,12,12,618,618,606,606,snapshot_2026_10_09.json,snapshot_2026_10_02.json
119,map,bergen-stavanger-no,Bergen-Stavanger,rslurry,slurry,https://github.com/rslurry,12,12,331,331,319,319,snapshot_2026_10_09.json,snapshot_2026_10_02.json
120,mod,resizable-ui,Resizable UI,Tesarzh,Tesarzh,https://github.com/Tesarzh,12,12,296,296,284,284,snapshot_2026_10_09.json,snapshot_2026_10_02.json
121,map,jeju-f,Jeju,budhakr,budhakr,https://github.com/budhakr,12,12,239,239,227,227,snapshot_2026_10_09.json,snapshot_2026_10_02.json
122,mod,la-metro-trainpack,LA Metro Trainpack,NoahGarrf,NoahGarrf,https://github.com/NoahGarrf,12,12,139,139,127,127,snapshot_2026_10_09.json,snapshot_2026_10_02.json
123,map,yukina-kyoto,京都 (Kyōto),ahkimn,Yukina-,https://subwaybuildermodded.com/credits,11,11,1759,1759,1748,1748,snapshot_2026_10_09.json,snapshot_2026_10_02.json
124,map,yukina-pl-gdansk,Gdańsk,ahkimn,Yukina-,https://subwaybuildermodded.com/credits,11,11,920,920,909,909,snapshot_2026_10_09.json,snapshot_2026_10_02.json
125,map,bilbao,Bilbao,Maximilian284,max02,https://github.com/Maximilian284,11,11,551,551,540,540,snapshot_2026_10_09.json,snapshot_2026_10_02.json
126,mod,chinese-trains,Chinese Trains,kaicardenas0618,kaicardenas0618,https://github.com/kaicardenas0618,11,11,547,547,536,536,snapshot_2026_10_09.json,snapshot_2026_10_02.json
127,map,au-perth,Perth,subway-builder-modded-admin,Subway Builder Modded,https://subwaybuildermodded.com,11,11,277,277,266,266,snapshot_2026_10_09.json,snapshot_2026_10_02.json
128,mod,unrusted-cities-pack,Unrusted: An Alternative Rust Belt,NoahGarrf,NoahGarrf,https://github.com/NoahGarrf,11,11,133,133,122,122,snapshot_2026_10_09.json,snapshot_2026_10_02.json
129,map,calgary,Calgary,subway-builder-modded-admin,Subway Builder Modded,https://subwaybuildermodded.com,10,10,830,830,820,820,snapshot_2026_10_09.json,snapshot_2026_10_02.json
130,mod,madrid-transit-pack,Madrid Transit Pack,xoaninc,xoaninc,https://github.com/xoaninc,10,10,225,225,215,215,snapshot_2026_10_09.json,snapshot_2026_10_02.json
131,map,yukina-tw-southern-taiwan,南臺灣 (Southern Taiwan),ahkimn,Yukina-,https://subwaybuildermodded.com/credits,10,10,178,178,168,168,snapshot_2026_10_09.json,snapshot_2026_10_02.json
132,mod,idfmpack,Paris IdFM Trains Pack,Haeffound,Haeffound,https://github.com/Haeffound,10,10,10,10,0,0,snapshot_2026_10_09.json,snapshot_2026_10_02.json
133,map,yukina-keihanshin,京阪神 (Keihanshin),ahkimn,Yukina-,https://subwaybuildermodded.com/credits,9,9,1289,1289,1280,1280,snapshot_2026_10_09.json,snapshot_2026_10_02.json
134,map,yukina-lv-riga,Rīga,ahkimn,Yukina-,https://subwaybuildermodded.com/credits,9,9,946,946,937,937,snapshot_2026_10_09.json,snapshot_2026_10_02.json
135,map,edmonton,Edmonton,subway-builder-modded-admin,Subway Builder Modded,https://subwaybuildermodded.com,9,9,679,679,670,670,snapshot_2026_10_09.json,snapshot_2026_10_02.json
136,map,yukina-tw-taichung,臺中 (Taichung),ahkimn,Yukina-,https://subwaybuildermodded.com/credits,9,9,669,669,660,660,snapshot_2026_10_09.json,snapshot_2026_10_02.json
137,map,yukina-pl-wroclaw,Wrocław,ahkimn,Yukina-,https://subwaybuildermodded.com/credits,9,9,563,563,554,554,snapshot_2026_10_09.json,snapshot_2026_10_02.json
138,map,yukina-lt-vilnius,Vilnius,ahkimn,Yukina-,https://subwaybuildermodded.com/credits,9,9,562,562,553,553,snapshot_2026_10_09.json,snapshot_2026_10_02.json
139,map,cairo,Cairo,ryandicicco,ryandicicco,https://github.com/ryandicicco,9,9,510,510,501,501,snapshot_2026_10_09.json,snapshot_2026_10_02.json
140,map,toulouse,Toulouse,pierreggt,pierreggt,https://github.com/pierreggt,9,9,234,234,225,225,snapshot_2026_10_09.json,snapshot_2026_10_02.json
141,map,catt-gran-santiago,Gran Santiago,holapapie-png,holapapie-png,https://github.com/holapapie-png,9,9,164,164,155,155,snapshot_2026_10_09.json,snapshot_2026_10_02.json
142,map,doha,Doha,pierreggt,pierreggt,https://github.com/pierreggt,9,9,77,77,68,68,snapshot_2026_10_09.json,snapshot_2026_10_02.json
143,map,monterrey,Monterrey,rslurry,slurry,https://github.com/rslurry,8,8,853,853,845,845,snapshot_2026_10_09.json,snapshot_2026_10_02.json
144,map,puerto-rico,Puerto Rico,rslurry,slurry,https://github.com/rslurry,8,8,813,813,805,805,snapshot_2026_10_09.json,snapshot_2026_10_02.json
145,map,cape-town,Cape Town,worstboyinaustral1a,worstboyinaustral1a,https://github.com/worstboyinaustral1a,8,8,413,413,405,405,snapshot_2026_10_09.json,snapshot_2026_10_02.json
146,mod,demand-clusters,Demand Clusters,m4d5hr1mp,m4d5hr1mp,https://github.com/m4d5hr1mp,8,8,344,344,336,336,snapshot_2026_10_09.json,snapshot_2026_10_02.json
147,map,ruhrgebiet,Ruhrgebiet,pierreggt,pierreggt,https://github.com/pierreggt,8,8,221,221,213,213,snapshot_2026_10_09.json,snapshot_2026_10_02.json
148,map,delhi,Delhi,ryandicicco,ryandicicco,https://github.com/ryandicicco,8,8,188,188,180,180,snapshot_2026_10_09.json,snapshot_2026_10_02.json
149,map,alexandria,Alexandria,pierreggt,pierreggt,https://github.com/pierreggt,8,8,105,105,97,97,snapshot_2026_10_09.json,snapshot_2026_10_02.json
150,map,yukina-sapporo-chitose,札幌 (Sapporo),ahkimn,Yukina-,https://subwaybuildermodded.com/credits,7,7,1214,1214,1207,1207,snapshot_2026_10_09.json,snapshot_2026_10_02.json
151,map,greater-chicagoland,Greater Chicagoland,NerdieSanders,NerdieSanders,https://github.com/NerdieSanders,7,7,1051,1051,1044,1044,snapshot_2026_10_09.json,snapshot_2026_10_02.json
152,map,incheon-4,Incheon,budhakr,budhakr,https://github.com/budhakr,7,7,835,835,828,828,snapshot_2026_10_09.json,snapshot_2026_10_02.json
153,map,guadalajara,Guadalajara,rslurry,slurry,https://github.com/rslurry,7,7,753,753,746,746,snapshot_2026_10_09.json,snapshot_2026_10_02.json
154,map,au-syd2,Sydney,subway-builder-modded-admin,Subway Builder Modded,https://subwaybuildermodded.com,7,7,525,525,518,518,snapshot_2026_10_09.json,snapshot_2026_10_02.json
155,mod,kr-ktp,Korean Transit Pack,budhakr,budhakr,https://github.com/budhakr,7,7,468,468,461,461,snapshot_2026_10_09.json,snapshot_2026_10_02.json
156,map,rio-metropolitan,Rio de Janeiro,JGuylherme,JGuylherme,https://github.com/JGuylherme,7,7,227,227,220,220,snapshot_2026_10_09.json,snapshot_2026_10_02.json
157,map,au-canberra,Canberra,subway-builder-modded-admin,Subway Builder Modded,https://subwaybuildermodded.com,7,7,203,203,196,196,snapshot_2026_10_09.json,snapshot_2026_10_02.json
158,map,sevilla,Sevilla,Maximilian284,max02,https://github.com/Maximilian284,7,7,173,173,166,166,snapshot_2026_10_09.json,snapshot_2026_10_02.json
159,mod,hide-and-seek,Hide+Seek: The Mod [beta],nzh0172,naz,https://github.com/nzh0172,7,7,161,161,154,154,snapshot_2026_10_09.json,snapshot_2026_10_02.json
160,map,alicante,Alicante,Maximilian284,max02,https://github.com/Maximilian284,7,7,113,113,106,106,snapshot_2026_10_09.json,snapshot_2026_10_02.json
161,mod,unrusted-chicago,Unrusted: Chicago - A denser South and Westside Chicago,NoahGarrf,NoahGarrf,https://github.com/NoahGarrf,7,7,109,109,102,102,snapshot_2026_10_09.json,snapshot_2026_10_02.json
162,map,abu-dhabi,Abu Dhabi,pierreggt,pierreggt,https://github.com/pierreggt,7,7,104,104,97,97,snapshot_2026_10_09.json,snapshot_2026_10_02.json
163,mod,mtr-trains,Hong Kong MTR Trains,MaxCheng95,MaxCheng95,https://github.com/MaxCheng95,7,7,43,43,36,36,snapshot_2026_10_09.json,snapshot_2026_10_02.json
164,map,changwon,Changwon,budhakr,budhakr,https://github.com/budhakr,7,7,41,41,34,34,snapshot_2026_10_09.json,snapshot_2026_10_02.json
165,map,yukina-nagoya,名古屋 (Nagoya),ahkimn,Yukina-,https://subwaybuildermodded.com/credits,6,6,1220,1220,1214,1214,snapshot_2026_10_09.json,snapshot_2026_10_02.json
166,map,yukina-okinawa,沖縄 (Okinawa),ahkimn,Yukina-,https://subwaybuildermodded.com/credits,6,6,937,937,931,931,snapshot_2026_10_09.json,snapshot_2026_10_02.json
167,map,opo-pt-metropolitan,"Porto, Portugal",bquelhas,bquelhas,https://github.com/bquelhas,6,6,927,927,921,921,snapshot_2026_10_09.json,snapshot_2026_10_02.json
168,map,yukina-cz-brno,Brno,ahkimn,Yukina-,https://subwaybuildermodded.com/credits,6,6,820,820,814,814,snapshot_2026_10_09.json,snapshot_2026_10_02.json
169,map,tel-aviv,Tel Aviv,BarKuperman,BarKuperman,https://github.com/BarKuperman,6,6,814,814,808,808,snapshot_2026_10_09.json,snapshot_2026_10_02.json
170,map,greater-kuala-lumpur,Greater Kuala Lumpur,nzh0172,naz,https://github.com/nzh0172,6,6,624,624,618,618,snapshot_2026_10_09.json,snapshot_2026_10_02.json
171,map,rhode-island,Rhode Island,rslurry,slurry,https://github.com/rslurry,6,6,507,507,501,501,snapshot_2026_10_09.json,snapshot_2026_10_02.json
172,map,nz-auckland,Auckland,subway-builder-modded-admin,Subway Builder Modded,https://subwaybuildermodded.com,6,6,448,448,442,442,snapshot_2026_10_09.json,snapshot_2026_10_02.json
173,map,yukina-bydgoszcz-torun,Bydgoszcz - Toruń,ahkimn,Yukina-,https://subwaybuildermodded.com/credits,6,6,369,369,363,363,snapshot_2026_10_09.json,snapshot_2026_10_02.json
174,map,cdmx-core,CDMX Core,rslurry,slurry,https://github.com/rslurry,6,6,338,338,332,332,snapshot_2026_10_09.json,snapshot_2026_10_02.json
175,map,lille,Lille - Flandre & Hainaut,pierreggt,pierreggt,https://github.com/pierreggt,6,6,288,288,282,282,snapshot_2026_10_09.json,snapshot_2026_10_02.json
176,map,bordeaux-arcachon-libourne,Bordeaux,pierreggt,pierreggt,https://github.com/pierreggt,6,6,260,260,254,254,snapshot_2026_10_09.json,snapshot_2026_10_02.json
177,map,trondheim-no,Trondheim,rslurry,slurry,https://github.com/rslurry,6,6,215,215,209,209,snapshot_2026_10_09.json,snapshot_2026_10_02.json
178,map,grand-geneve,Grand Genève,pierreggt,pierreggt,https://github.com/pierreggt,6,6,158,158,152,152,snapshot_2026_10_09.json,snapshot_2026_10_02.json
179,mod,anysave,AnySave,BarKuperman,BarKuperman,https://github.com/BarKuperman,6,6,142,142,136,136,snapshot_2026_10_09.json,snapshot_2026_10_02.json
180,map,catt-chile-central,Chile Central,holapapie-png,holapapie-png,https://github.com/holapapie-png,6,6,128,128,122,122,snapshot_2026_10_09.json,snapshot_2026_10_02.json
181,map,eurodistrict-bale,Eurodistrict of Basel,pierreggt,pierreggt,https://github.com/pierreggt,6,6,119,119,113,113,snapshot_2026_10_09.json,snapshot_2026_10_02.json
182,map,riyadh,Riyadh,pierreggt,pierreggt,https://github.com/pierreggt,6,6,80,80,74,74,snapshot_2026_10_09.json,snapshot_2026_10_02.json
183,map,valencia,Valencia,Maximilian284,max02,https://github.com/Maximilian284,5,5,557,557,552,552,snapshot_2026_10_09.json,snapshot_2026_10_02.json
184,map,winnipeg,Winnipeg,subway-builder-modded-admin,Subway Builder Modded,https://subwaybuildermodded.com,5,5,548,548,543,543,snapshot_2026_10_09.json,snapshot_2026_10_02.json
185,map,naples,Naples,Maximilian284,max02,https://github.com/Maximilian284,5,5,483,483,478,478,snapshot_2026_10_09.json,snapshot_2026_10_02.json
186,map,tijuana-san-diego,Tijuana-San Diego,rslurry,slurry,https://github.com/rslurry,5,5,469,469,464,464,snapshot_2026_10_09.json,snapshot_2026_10_02.json
187,map,yukina-pl-poznan,Poznań,ahkimn,Yukina-,https://subwaybuildermodded.com/credits,5,5,424,424,419,419,snapshot_2026_10_09.json,snapshot_2026_10_02.json
188,map,san-juan,San Juan,rslurry,slurry,https://github.com/rslurry,5,5,346,346,341,341,snapshot_2026_10_09.json,snapshot_2026_10_02.json
189,map,turin,Turin,Maximilian284,max02,https://github.com/Maximilian284,5,5,336,336,331,331,snapshot_2026_10_09.json,snapshot_2026_10_02.json
190,map,puebla,Puebla,rslurry,slurry,https://github.com/rslurry,5,5,286,286,281,281,snapshot_2026_10_09.json,snapshot_2026_10_02.json
191,map,strasbourg,Strasbourg,pierreggt,pierreggt,https://github.com/pierreggt,5,5,278,278,273,273,snapshot_2026_10_09.json,snapshot_2026_10_02.json
192,map,rochester,Rochester,rslurry,slurry,https://github.com/rslurry,5,5,272,272,267,267,snapshot_2026_10_09.json,snapshot_2026_10_02.json
193,map,sejong-4,Sejong,budhakr,budhakr,https://github.com/budhakr,5,5,238,238,233,233,snapshot_2026_10_09.json,snapshot_2026_10_02.json
194,map,ulsan-4,Ulsan,budhakr,budhakr,https://github.com/budhakr,5,5,223,223,218,218,snapshot_2026_10_09.json,snapshot_2026_10_02.json
195,map,sofia-bulgaria,Sofia,giannons46,giannons46,https://github.com/giannons46,5,5,203,203,198,198,snapshot_2026_10_09.json,snapshot_2026_10_02.json
196,map,nantes,Nantes,pierreggt,pierreggt,https://github.com/pierreggt,5,5,195,195,190,190,snapshot_2026_10_09.json,snapshot_2026_10_02.json
197,map,mississippi,Mississippi,JayToTheAy,JayToTheAy,https://github.com/JayToTheAy,5,5,192,192,187,187,snapshot_2026_10_09.json,snapshot_2026_10_02.json
198,map,palma-de-mallorca,Palma de Mallorca,Maximilian284,max02,https://github.com/Maximilian284,5,5,180,180,175,175,snapshot_2026_10_09.json,snapshot_2026_10_02.json
199,map,brussels,Brussels,lexenygma,lexenygma,https://github.com/lexenygma,5,5,176,176,171,171,snapshot_2026_10_09.json,snapshot_2026_10_02.json
200,map,daegu-4,Daegu,budhakr,budhakr,https://github.com/budhakr,5,5,156,156,151,151,snapshot_2026_10_09.json,snapshot_2026_10_02.json
201,map,stuttgart,Stuttgart,pierreggt,pierreggt,https://github.com/pierreggt,5,5,128,128,123,123,snapshot_2026_10_09.json,snapshot_2026_10_02.json
202,map,corse,Corse,pierreggt,pierreggt,https://github.com/pierreggt,5,5,83,83,78,78,snapshot_2026_10_09.json,snapshot_2026_10_02.json
203,map,hannover-braunschweig,Hannover-Braunschweig,pierreggt,pierreggt,https://github.com/pierreggt,5,5,81,81,76,76,snapshot_2026_10_09.json,snapshot_2026_10_02.json
204,mod,unrusted-detroit,Unrusted: Detroit - A Denser Detroit,NoahGarrf,NoahGarrf,https://github.com/NoahGarrf,5,5,67,67,62,62,snapshot_2026_10_09.json,snapshot_2026_10_02.json
205,map,suwon,Suwon,budhakr,budhakr,https://github.com/budhakr,5,5,22,22,17,17,snapshot_2026_10_09.json,snapshot_2026_10_02.json
206,map,yukina-hu-bekescsaba,Békéscsaba,ahkimn,Yukina-,https://subwaybuildermodded.com/credits,5,5,20,20,15,15,snapshot_2026_10_09.json,snapshot_2026_10_02.json
207,map,yukina-hiroshima-kure,広島 (Hiroshima),ahkimn,Yukina-,https://subwaybuildermodded.com/credits,4,4,984,984,980,980,snapshot_2026_10_09.json,snapshot_2026_10_02.json
208,map,yukina-northern-kyushu,福北 (Fukuoka & Kitakyūshū),ahkimn,Yukina-,https://subwaybuildermodded.com/credits,4,4,798,798,794,794,snapshot_2026_10_09.json,snapshot_2026_10_02.json
209,map,yukina-pl-katowice-gzm,Katowice - GZM,ahkimn,Yukina-,https://subwaybuildermodded.com/credits,4,4,649,649,645,645,snapshot_2026_10_09.json,snapshot_2026_10_02.json
210,map,yukina-hakodate,函館 (Hakodate),ahkimn,Yukina-,https://subwaybuildermodded.com/credits,4,4,546,546,542,542,snapshot_2026_10_09.json,snapshot_2026_10_02.json
211,map,yukina-toyama,富山 (Toyama),ahkimn,Yukina-,https://subwaybuildermodded.com/credits,4,4,421,421,417,417,snapshot_2026_10_09.json,snapshot_2026_10_02.json
212,map,lyon,Lyon - Vallée du Rhône & Alpes,pierreggt,pierreggt,https://github.com/pierreggt,4,4,403,403,399,399,snapshot_2026_10_09.json,snapshot_2026_10_02.json
213,map,yukina-cz-plzen,Plzeň,ahkimn,Yukina-,https://subwaybuildermodded.com/credits,4,4,383,383,379,379,snapshot_2026_10_09.json,snapshot_2026_10_02.json
214,map,yukina-lt-kaunas,Kaunas,ahkimn,Yukina-,https://subwaybuildermodded.com/credits,4,4,311,311,307,307,snapshot_2026_10_09.json,snapshot_2026_10_02.json
215,map,jacksonville,Jacksonville,rslurry,slurry,https://github.com/rslurry,4,4,296,296,292,292,snapshot_2026_10_09.json,snapshot_2026_10_02.json
216,map,au-adelaide,Adelaide,subway-builder-modded-admin,Subway Builder Modded,https://subwaybuildermodded.com,4,4,250,250,246,246,snapshot_2026_10_09.json,snapshot_2026_10_02.json
217,map,nice-cote-d-azur,Nice,pierreggt,pierreggt,https://github.com/pierreggt,4,4,233,233,229,229,snapshot_2026_10_09.json,snapshot_2026_10_02.json
218,map,yukina-ee-parnu,Pärnu,ahkimn,Yukina-,https://subwaybuildermodded.com/credits,4,4,224,224,220,220,snapshot_2026_10_09.json,snapshot_2026_10_02.json
219,map,yukina-pl-bialystok,Białystok,ahkimn,Yukina-,https://subwaybuildermodded.com/credits,4,4,216,216,212,212,snapshot_2026_10_09.json,snapshot_2026_10_02.json
220,map,bonn-koeln,Bonn-Köln,pierreggt,pierreggt,https://github.com/pierreggt,4,4,210,210,206,206,snapshot_2026_10_09.json,snapshot_2026_10_02.json
221,map,yukina-lt-klaipeda,Klaipėda,ahkimn,Yukina-,https://subwaybuildermodded.com/credits,4,4,199,199,195,195,snapshot_2026_10_09.json,snapshot_2026_10_02.json
222,map,ankara,Ankara,pierreggt,pierreggt,https://github.com/pierreggt,4,4,177,177,173,173,snapshot_2026_10_09.json,snapshot_2026_10_02.json
223,map,antalya,Antalya,pierreggt,pierreggt,https://github.com/pierreggt,4,4,113,113,109,109,snapshot_2026_10_09.json,snapshot_2026_10_02.json
224,map,dresden,Dresden,pierreggt,pierreggt,https://github.com/pierreggt,4,4,90,90,86,86,snapshot_2026_10_09.json,snapshot_2026_10_02.json
225,map,beirut,Beirut,pierreggt,pierreggt,https://github.com/pierreggt,4,4,85,85,81,81,snapshot_2026_10_09.json,snapshot_2026_10_02.json
226,map,springfield-il,"Springfield, IL",NerdieSanders,NerdieSanders,https://github.com/NerdieSanders,4,4,79,79,75,75,snapshot_2026_10_09.json,snapshot_2026_10_02.json
227,map,nuernberg,Nürnberg,pierreggt,pierreggt,https://github.com/pierreggt,4,4,76,76,72,72,snapshot_2026_10_09.json,snapshot_2026_10_02.json
228,map,kiel,Kiel,pierreggt,pierreggt,https://github.com/pierreggt,4,4,62,62,58,58,snapshot_2026_10_09.json,snapshot_2026_10_02.json
229,map,yukina-fukuoka,福岡 (Fukuoka),ahkimn,Yukina-,https://subwaybuildermodded.com/credits,3,3,1175,1175,1172,1172,snapshot_2026_10_09.json,snapshot_2026_10_02.json
230,map,mfn-lasvegas,Las Vegas,crumpetime,muffintime,https://github.com/crumpetime,3,3,772,772,769,769,snapshot_2026_10_09.json,snapshot_2026_10_02.json
231,map,yukina-tw-kaohsiung,高雄 (Kaohsiung),ahkimn,Yukina-,https://subwaybuildermodded.com/credits,3,3,684,684,681,681,snapshot_2026_10_09.json,snapshot_2026_10_02.json
232,mod,cinematic-camera,Cinematic Camera,TransitCore,TransitCore,https://github.com/TransitCore,3,3,635,635,632,632,snapshot_2026_10_09.json,snapshot_2026_10_02.json
233,map,yukina-nagasaki,長崎 (Nagasaki),ahkimn,Yukina-,https://subwaybuildermodded.com/credits,3,3,490,490,487,487,snapshot_2026_10_09.json,snapshot_2026_10_02.json
234,map,san-antonio,San Antonio,rslurry,slurry,https://github.com/rslurry,3,3,349,349,346,346,snapshot_2026_10_09.json,snapshot_2026_10_02.json
235,map,marseille,Marseille - Provence,pierreggt,pierreggt,https://github.com/pierreggt,3,3,337,337,334,334,snapshot_2026_10_09.json,snapshot_2026_10_02.json
236,map,greater-portland,Greater Portland,rslurry,slurry,https://github.com/rslurry,3,3,308,308,305,305,snapshot_2026_10_09.json,snapshot_2026_10_02.json
237,map,yukina-pl-szczecin,Szczecin,ahkimn,Yukina-,https://subwaybuildermodded.com/credits,3,3,302,302,299,299,snapshot_2026_10_09.json,snapshot_2026_10_02.json
238,map,spokane,Spokane,ryandicicco,ryandicicco,https://github.com/ryandicicco,3,3,277,277,274,274,snapshot_2026_10_09.json,snapshot_2026_10_02.json
239,map,memphis,Memphis,rslurry,slurry,https://github.com/rslurry,3,3,274,274,271,271,snapshot_2026_10_09.json,snapshot_2026_10_02.json
240,map,ciudad-juarez-el-paso,Ciudad Juárez-El Paso,rslurry,slurry,https://github.com/rslurry,3,3,263,263,260,260,snapshot_2026_10_09.json,snapshot_2026_10_02.json
241,map,tromso-no,Tromsø,rslurry,slurry,https://github.com/rslurry,3,3,253,253,250,250,snapshot_2026_10_09.json,snapshot_2026_10_02.json
242,map,greater-baltimore,Greater Baltimore,rslurry,slurry,https://github.com/rslurry,3,3,243,243,240,240,snapshot_2026_10_09.json,snapshot_2026_10_02.json
243,map,rennes,Rennes,pierreggt,pierreggt,https://github.com/pierreggt,3,3,198,198,195,195,snapshot_2026_10_09.json,snapshot_2026_10_02.json
244,map,catania,Catania,Maximilian284,max02,https://github.com/Maximilian284,3,3,191,191,188,188,snapshot_2026_10_09.json,snapshot_2026_10_02.json
245,map,nz-christchurch,Christchurch,subway-builder-modded-admin,Subway Builder Modded,https://subwaybuildermodded.com,3,3,167,167,164,164,snapshot_2026_10_09.json,snapshot_2026_10_02.json
246,map,yukina-lt-panevezys,Panevėžys,ahkimn,Yukina-,https://subwaybuildermodded.com/credits,3,3,163,163,160,160,snapshot_2026_10_09.json,snapshot_2026_10_02.json
247,map,yukina-lt-siauliai,Šiauliai,ahkimn,Yukina-,https://subwaybuildermodded.com/credits,3,3,163,163,160,160,snapshot_2026_10_09.json,snapshot_2026_10_02.json
248,map,yukina-pl-czestochowa,Częstochowa,ahkimn,Yukina-,https://subwaybuildermodded.com/credits,3,3,121,121,118,118,snapshot_2026_10_09.json,snapshot_2026_10_02.json
249,map,damascus,Damascus,pierreggt,pierreggt,https://github.com/pierreggt,3,3,117,117,114,114,snapshot_2026_10_09.json,snapshot_2026_10_02.json
250,map,ile-de-france,Paris (IDF),JcPires,JcPires,https://github.com/JcPires,3,3,111,111,108,108,snapshot_2026_10_09.json,snapshot_2026_10_02.json
251,map,daejeon-4,Daejeon,budhakr,budhakr,https://github.com/budhakr,3,3,110,110,107,107,snapshot_2026_10_09.json,snapshot_2026_10_02.json
252,map,gwangju-4,Gwangju,budhakr,budhakr,https://github.com/budhakr,3,3,103,103,100,100,snapshot_2026_10_09.json,snapshot_2026_10_02.json
253,map,xiamen,Xiamen,Kronifer,Kronifer,https://github.com/Kronifer,3,3,102,102,99,99,snapshot_2026_10_09.json,snapshot_2026_10_02.json
254,map,kristiansand-no,Kristiansand,rslurry,slurry,https://github.com/rslurry,3,3,101,101,98,98,snapshot_2026_10_09.json,snapshot_2026_10_02.json
255,map,arc-mediterraneen,L'Arc Méditerranéen,pierreggt,pierreggt,https://github.com/pierreggt,3,3,71,71,68,68,snapshot_2026_10_09.json,snapshot_2026_10_02.json
256,map,aachen,Aachen,pierreggt,pierreggt,https://github.com/pierreggt,3,3,69,69,66,66,snapshot_2026_10_09.json,snapshot_2026_10_02.json
257,map,reunion,La Réunion,pierreggt,pierreggt,https://github.com/pierreggt,3,3,69,69,66,66,snapshot_2026_10_09.json,snapshot_2026_10_02.json
258,map,yukina-sk-banska-bystrica,Banská Bystrica,ahkimn,Yukina-,https://subwaybuildermodded.com/credits,3,3,52,52,49,49,snapshot_2026_10_09.json,snapshot_2026_10_02.json
259,map,luebeck,Lübeck,pierreggt,pierreggt,https://github.com/pierreggt,3,3,47,47,44,44,snapshot_2026_10_09.json,snapshot_2026_10_02.json
260,map,dijon,Dijon,pierreggt,pierreggt,https://github.com/pierreggt,3,3,30,30,27,27,snapshot_2026_10_09.json,snapshot_2026_10_02.json
261,map,yukina-hu-szeged,Szeged,ahkimn,Yukina-,https://subwaybuildermodded.com/credits,3,3,23,23,20,20,snapshot_2026_10_09.json,snapshot_2026_10_02.json
262,map,yukina-hu-nyugat-dunantul,Nyugat-Dunántúl,ahkimn,Yukina-,https://subwaybuildermodded.com/credits,3,3,19,19,16,16,snapshot_2026_10_09.json,snapshot_2026_10_02.json
263,map,yukina-hu-veszprem-balaton,Veszprém - Balaton,ahkimn,Yukina-,https://subwaybuildermodded.com/credits,3,3,17,17,14,14,snapshot_2026_10_09.json,snapshot_2026_10_02.json
264,map,los-angeles-county,Los Angeles County,rslurry,slurry,https://github.com/rslurry,2,2,1452,1452,1450,1450,snapshot_2026_10_09.json,snapshot_2026_10_02.json
265,map,yukina-kobe-akashi,神戸・姫路 (Kōbe & Himeji),ahkimn,Yukina-,https://subwaybuildermodded.com/credits,2,2,881,881,879,879,snapshot_2026_10_09.json,snapshot_2026_10_02.json
266,map,greatertwincities,Greater Twin Cities,DanielD1909,DanielD1909,https://github.com/DanielD1909,2,2,511,511,509,509,snapshot_2026_10_09.json,snapshot_2026_10_02.json
267,map,yukina-cz-ostrava,Ostrava,ahkimn,Yukina-,https://subwaybuildermodded.com/credits,2,2,494,494,492,492,snapshot_2026_10_09.json,snapshot_2026_10_02.json
268,map,south-florida,South Florida,kaicardenas0618,kaicardenas0618,https://github.com/kaicardenas0618,2,2,464,464,462,462,snapshot_2026_10_09.json,snapshot_2026_10_02.json
269,map,yukina-yamagata,山形 (Yamagata),ahkimn,Yukina-,https://subwaybuildermodded.com/credits,2,2,413,413,411,411,snapshot_2026_10_09.json,snapshot_2026_10_02.json
270,map,yukina-shizuoka-hamamatsu,静岡・浜松 (Shizuoka/Hamamatsu),ahkimn,Yukina-,https://subwaybuildermodded.com/credits,2,2,404,404,402,402,snapshot_2026_10_09.json,snapshot_2026_10_02.json
271,map,oklahoma-city,Oklahoma City,ryandicicco,ryandicicco,https://github.com/ryandicicco,2,2,382,382,380,380,snapshot_2026_10_09.json,snapshot_2026_10_02.json
272,map,mfn-hamptonroads,Norfolk,crumpetime,muffintime,https://github.com/crumpetime,2,2,344,344,342,342,snapshot_2026_10_09.json,snapshot_2026_10_02.json
273,map,yukina-asahikawa,旭川 (Asahikawa),ahkimn,Yukina-,https://subwaybuildermodded.com/credits,2,2,341,341,339,339,snapshot_2026_10_09.json,snapshot_2026_10_02.json
274,map,yukina-tw-hsinchu,新竹 (Hsinchu),ahkimn,Yukina-,https://subwaybuildermodded.com/credits,2,2,332,332,330,330,snapshot_2026_10_09.json,snapshot_2026_10_02.json
275,map,yukina-tsugaru,津軽 (Tsugaru),ahkimn,Yukina-,https://subwaybuildermodded.com/credits,2,2,331,331,329,329,snapshot_2026_10_09.json,snapshot_2026_10_02.json
276,map,yukina-okayama,岡山 (Okayama),ahkimn,Yukina-,https://subwaybuildermodded.com/credits,2,2,322,322,320,320,snapshot_2026_10_09.json,snapshot_2026_10_02.json
277,map,richmond,Richmond,rslurry,slurry,https://github.com/rslurry,2,2,316,316,314,314,snapshot_2026_10_09.json,snapshot_2026_10_02.json
278,map,pianura-veneta,Pianura Veneta,Maximilian284,max02,https://github.com/Maximilian284,2,2,269,269,267,267,snapshot_2026_10_09.json,snapshot_2026_10_02.json
279,map,santa-barbara,Santa Barbara,rslurry,slurry,https://github.com/rslurry,2,2,256,256,254,254,snapshot_2026_10_09.json,snapshot_2026_10_02.json
280,map,tri-cities,Tri-Cities,ryandicicco,ryandicicco,https://github.com/ryandicicco,2,2,220,220,218,218,snapshot_2026_10_09.json,snapshot_2026_10_02.json
281,mod,copy-paste,Copy Paste,seanyushoumori,seanyushoumori,https://github.com/seanyushoumori,2,2,218,218,216,216,snapshot_2026_10_09.json,snapshot_2026_10_02.json
282,map,garda-lake,Garda Lake,Maximilian284,max02,https://github.com/Maximilian284,2,2,203,203,201,201,snapshot_2026_10_09.json,snapshot_2026_10_02.json
283,map,yukina-cz-jihlava,Jihlava,ahkimn,Yukina-,https://subwaybuildermodded.com/credits,2,2,187,187,185,185,snapshot_2026_10_09.json,snapshot_2026_10_02.json
284,map,saltillo,Saltillo,rslurry,slurry,https://github.com/rslurry,2,2,186,186,184,184,snapshot_2026_10_09.json,snapshot_2026_10_02.json
285,map,yukina-lv-daugavpils,Daugavpils,ahkimn,Yukina-,https://subwaybuildermodded.com/credits,2,2,176,176,174,174,snapshot_2026_10_09.json,snapshot_2026_10_02.json
286,map,knoxville,Knoxville,rslurry,slurry,https://github.com/rslurry,2,2,153,153,151,151,snapshot_2026_10_09.json,snapshot_2026_10_02.json
287,map,yukina-lv-liepaja,Liepāja,ahkimn,Yukina-,https://subwaybuildermodded.com/credits,2,2,145,145,143,143,snapshot_2026_10_09.json,snapshot_2026_10_02.json
288,map,yukina-fuji-numazu,富士・沼津 (Fuji & Numazu),ahkimn,Yukina-,https://subwaybuildermodded.com/credits,2,2,119,119,117,117,snapshot_2026_10_09.json,snapshot_2026_10_02.json
289,map,yukina-kanazawa,金沢 (Kanazawa),ahkimn,Yukina-,https://subwaybuildermodded.com/credits,2,2,107,107,105,105,snapshot_2026_10_09.json,snapshot_2026_10_02.json
290,map,tehran,Tehran,pierreggt,pierreggt,https://github.com/pierreggt,2,2,100,100,98,98,snapshot_2026_10_09.json,snapshot_2026_10_02.json
291,map,yukina-maebashi,前橋 (Maebashi),ahkimn,Yukina-,https://subwaybuildermodded.com/credits,2,2,99,99,97,97,snapshot_2026_10_09.json,snapshot_2026_10_02.json
292,map,yukina-nagano,長野 (Nagano),ahkimn,Yukina-,https://subwaybuildermodded.com/credits,2,2,93,93,91,91,snapshot_2026_10_09.json,snapshot_2026_10_02.json
293,map,mfn-rsw,Fort Myers,crumpetime,muffintime,https://github.com/crumpetime,2,2,82,82,80,80,snapshot_2026_10_09.json,snapshot_2026_10_02.json
294,map,yukina-yamaguchi,山口 (Yamaguchi),ahkimn,Yukina-,https://subwaybuildermodded.com/credits,2,2,80,80,78,78,snapshot_2026_10_09.json,snapshot_2026_10_02.json
295,map,yukina-miyazaki,宮崎 (Miyazaki),ahkimn,Yukina-,https://subwaybuildermodded.com/credits,2,2,78,78,76,76,snapshot_2026_10_09.json,snapshot_2026_10_02.json
296,map,jeddah-mecca,Jeddah & Mecca,pierreggt,pierreggt,https://github.com/pierreggt,2,2,74,74,72,72,snapshot_2026_10_09.json,snapshot_2026_10_02.json
297,map,pays-basque,Euskal Herria,pierreggt,pierreggt,https://github.com/pierreggt,2,2,64,64,62,62,snapshot_2026_10_09.json,snapshot_2026_10_02.json
298,map,augsburg,Augsburg,pierreggt,pierreggt,https://github.com/pierreggt,2,2,63,63,61,61,snapshot_2026_10_09.json,snapshot_2026_10_02.json
299,map,freiburg,Freiburg im Breisgau,pierreggt,pierreggt,https://github.com/pierreggt,2,2,61,61,59,59,snapshot_2026_10_09.json,snapshot_2026_10_02.json
300,map,muscat,Muscat,pierreggt,pierreggt,https://github.com/pierreggt,2,2,53,53,51,51,snapshot_2026_10_09.json,snapshot_2026_10_02.json
301,map,erfurt,Erfurt,pierreggt,pierreggt,https://github.com/pierreggt,2,2,52,52,50,50,snapshot_2026_10_09.json,snapshot_2026_10_02.json
302,map,guadeloupe,Guadeloupe,pierreggt,pierreggt,https://github.com/pierreggt,2,2,48,48,46,46,snapshot_2026_10_09.json,snapshot_2026_10_02.json
303,map,guyane,Guyane,pierreggt,pierreggt,https://github.com/pierreggt,2,2,35,35,33,33,snapshot_2026_10_09.json,snapshot_2026_10_02.json
304,map,yukina-hu-debrecen-nyiregyhaza,Debrecen - Nyíregyháza,ahkimn,Yukina-,https://subwaybuildermodded.com/credits,2,2,33,33,31,31,snapshot_2026_10_09.json,snapshot_2026_10_02.json
305,mod,taiwan-trains,Taiwanese Metro and TR Pack,MaxCheng95,MaxCheng95,https://github.com/MaxCheng95,2,2,26,26,24,24,snapshot_2026_10_09.json,snapshot_2026_10_02.json
306,map,yukina-hu-gyor,Győr,ahkimn,Yukina-,https://subwaybuildermodded.com/credits,2,2,22,22,20,20,snapshot_2026_10_09.json,snapshot_2026_10_02.json
307,map,cheongju,Cheongju,budhakr,budhakr,https://github.com/budhakr,2,2,20,20,18,18,snapshot_2026_10_09.json,snapshot_2026_10_02.json
308,map,gangneung,Gangneung,budhakr,budhakr,https://github.com/budhakr,2,2,19,19,17,17,snapshot_2026_10_09.json,snapshot_2026_10_02.json
309,map,yukina-hu-kaposvar,Kaposvár,ahkimn,Yukina-,https://subwaybuildermodded.com/credits,2,2,14,14,12,12,snapshot_2026_10_09.json,snapshot_2026_10_02.json
310,map,yukina-hu-pecs,Pécs,ahkimn,Yukina-,https://subwaybuildermodded.com/credits,2,2,14,14,12,12,snapshot_2026_10_09.json,snapshot_2026_10_02.json
311,map,yukina-hu-szekszard-baja,Szekszárd - Baja,ahkimn,Yukina-,https://subwaybuildermodded.com/credits,2,2,13,13,11,11,snapshot_2026_10_09.json,snapshot_2026_10_02.json
312,map,yukina-sendai,仙台 (Sendai),ahkimn,Yukina-,https://subwaybuildermodded.com/credits,1,1,728,728,727,727,snapshot_2026_10_09.json,snapshot_2026_10_02.json
313,map,yukina-niigata,新潟 (Niigata),ahkimn,Yukina-,https://subwaybuildermodded.com/credits,1,1,521,521,520,520,snapshot_2026_10_09.json,snapshot_2026_10_02.json
314,map,yukina-matsuyama,松山 (Matsuyama),ahkimn,Yukina-,https://subwaybuildermodded.com/credits,1,1,451,451,450,450,snapshot_2026_10_09.json,snapshot_2026_10_02.json
315,map,yukina-pl-lodz,Łódź,ahkimn,Yukina-,https://subwaybuildermodded.com/credits,1,1,449,449,448,448,snapshot_2026_10_09.json,snapshot_2026_10_02.json
316,map,yukina-kagoshima-kirishima,鹿児島 (Kagoshima),ahkimn,Yukina-,https://subwaybuildermodded.com/credits,1,1,431,431,430,430,snapshot_2026_10_09.json,snapshot_2026_10_02.json
317,map,yukina-kochi,高知 (Kōchi),ahkimn,Yukina-,https://subwaybuildermodded.com/credits,1,1,422,422,421,421,snapshot_2026_10_09.json,snapshot_2026_10_02.json
318,map,yukina-tw-tainan,臺南 (Tainan),ahkimn,Yukina-,https://subwaybuildermodded.com/credits,1,1,412,412,411,411,snapshot_2026_10_09.json,snapshot_2026_10_02.json
319,map,yukina-cz-olomouc,Olomouc,ahkimn,Yukina-,https://subwaybuildermodded.com/credits,1,1,325,325,324,324,snapshot_2026_10_09.json,snapshot_2026_10_02.json
320,map,yukina-nakaumi,中海 (Nakaumi),ahkimn,Yukina-,https://subwaybuildermodded.com/credits,1,1,325,325,324,324,snapshot_2026_10_09.json,snapshot_2026_10_02.json
321,map,florence,Florence,Maximilian284,max02,https://github.com/Maximilian284,1,1,313,313,312,312,snapshot_2026_10_09.json,snapshot_2026_10_02.json
322,map,yukina-kumamoto,熊本 (Kumamoto),ahkimn,Yukina-,https://subwaybuildermodded.com/credits,1,1,310,310,309,309,snapshot_2026_10_09.json,snapshot_2026_10_02.json
323,map,yukina-morioka,盛岡 (Morioka),ahkimn,Yukina-,https://subwaybuildermodded.com/credits,1,1,254,254,253,253,snapshot_2026_10_09.json,snapshot_2026_10_02.json
324,map,yukina-cz-liberec-jablonec,Liberec - Jablonec nad Nisou,ahkimn,Yukina-,https://subwaybuildermodded.com/credits,1,1,250,250,249,249,snapshot_2026_10_09.json,snapshot_2026_10_02.json
325,map,yukina-pl-lublin,Lublin,ahkimn,Yukina-,https://subwaybuildermodded.com/credits,1,1,244,244,243,243,snapshot_2026_10_09.json,snapshot_2026_10_02.json
326,map,yukina-tottori,鳥取 (Tottori),ahkimn,Yukina-,https://subwaybuildermodded.com/credits,1,1,236,236,235,235,snapshot_2026_10_09.json,snapshot_2026_10_02.json
327,map,orange-county,Orange County,rslurry,slurry,https://github.com/rslurry,1,1,233,233,232,232,snapshot_2026_10_09.json,snapshot_2026_10_02.json
328,map,bologna,Bologna,Maximilian284,max02,https://github.com/Maximilian284,1,1,231,231,230,230,snapshot_2026_10_09.json,snapshot_2026_10_02.json
329,map,yukina-cz-karlovy-vary,Karlovy Vary,ahkimn,Yukina-,https://subwaybuildermodded.com/credits,1,1,207,207,206,206,snapshot_2026_10_09.json,snapshot_2026_10_02.json
330,map,bari,Bari,Maximilian284,max02,https://github.com/Maximilian284,1,1,202,202,201,201,snapshot_2026_10_09.json,snapshot_2026_10_02.json
331,map,yukina-ee-tartu,Tartu,ahkimn,Yukina-,https://subwaybuildermodded.com/credits,1,1,188,188,187,187,snapshot_2026_10_09.json,snapshot_2026_10_02.json
332,map,palermo,Palermo,Maximilian284,max02,https://github.com/Maximilian284,1,1,186,186,185,185,snapshot_2026_10_09.json,snapshot_2026_10_02.json
333,map,yukina-pl-kielce,Kielce,ahkimn,Yukina-,https://subwaybuildermodded.com/credits,1,1,164,164,163,163,snapshot_2026_10_09.json,snapshot_2026_10_02.json
334,map,yukina-ee-ida-viru,Ida-Viru,ahkimn,Yukina-,https://subwaybuildermodded.com/credits,1,1,154,154,153,153,snapshot_2026_10_09.json,snapshot_2026_10_02.json
335,map,pianura-emiliana,Pianura Emiliana,Maximilian284,max02,https://github.com/Maximilian284,1,1,126,126,125,125,snapshot_2026_10_09.json,snapshot_2026_10_02.json
336,map,yukina-pl-zielona-gora,Zielona Góra,ahkimn,Yukina-,https://subwaybuildermodded.com/credits,1,1,123,123,122,122,snapshot_2026_10_09.json,snapshot_2026_10_02.json
337,map,mexicali,Mexicali-Imperial Valley-Yuma,rslurry,slurry,https://github.com/rslurry,1,1,120,120,119,119,snapshot_2026_10_09.json,snapshot_2026_10_02.json
338,map,riviera-romagnola,Riviera Romagnola,Maximilian284,max02,https://github.com/Maximilian284,1,1,113,113,112,112,snapshot_2026_10_09.json,snapshot_2026_10_02.json
339,map,yukina-utsunomiya,宇都宮 (Utsunomiya),ahkimn,Yukina-,https://subwaybuildermodded.com/credits,1,1,93,93,92,92,snapshot_2026_10_09.json,snapshot_2026_10_02.json
340,map,bremen,Bremen,pierreggt,pierreggt,https://github.com/pierreggt,1,1,89,89,88,88,snapshot_2026_10_09.json,snapshot_2026_10_02.json
341,map,yukina-wakayama,和歌山 (Wakayama),ahkimn,Yukina-,https://subwaybuildermodded.com/credits,1,1,82,82,81,81,snapshot_2026_10_09.json,snapshot_2026_10_02.json
342,map,yukina-hachinohe,八戸 (Hachinohe),ahkimn,Yukina-,https://subwaybuildermodded.com/credits,1,1,78,78,77,77,snapshot_2026_10_09.json,snapshot_2026_10_02.json
343,map,yukina-tw-hualien-taitung,花蓮・臺東 (Hualien & Taitung),ahkimn,Yukina-,https://subwaybuildermodded.com/credits,1,1,74,74,73,73,snapshot_2026_10_09.json,snapshot_2026_10_02.json
344,map,yukina-tw-yilan,宜蘭 (Yilan),ahkimn,Yukina-,https://subwaybuildermodded.com/credits,1,1,69,69,68,68,snapshot_2026_10_09.json,snapshot_2026_10_02.json
345,map,yukina-sk-kosice-presov,Košice - Prešov,ahkimn,Yukina-,https://subwaybuildermodded.com/credits,1,1,61,61,60,60,snapshot_2026_10_09.json,snapshot_2026_10_02.json
346,map,bielefeld,Bielefeld,pierreggt,pierreggt,https://github.com/pierreggt,1,1,58,58,57,57,snapshot_2026_10_09.json,snapshot_2026_10_02.json
347,map,martinique,Martinique,pierreggt,pierreggt,https://github.com/pierreggt,1,1,47,47,46,46,snapshot_2026_10_09.json,snapshot_2026_10_02.json
348,map,metz-nancy,Metz - Nancy,pierreggt,pierreggt,https://github.com/pierreggt,1,1,46,46,45,45,snapshot_2026_10_09.json,snapshot_2026_10_02.json
349,map,magdeburg,Magdeburg,pierreggt,pierreggt,https://github.com/pierreggt,1,1,45,45,44,44,snapshot_2026_10_09.json,snapshot_2026_10_02.json
350,map,chemnitz,Chemnitz,pierreggt,pierreggt,https://github.com/pierreggt,1,1,42,42,41,41,snapshot_2026_10_09.json,snapshot_2026_10_02.json
351,map,brest,Brest,pierreggt,pierreggt,https://github.com/pierreggt,1,1,40,40,39,39,snapshot_2026_10_09.json,snapshot_2026_10_02.json
352,map,yukina-sk-poprad-spisska-nova-ves,Poprad - Spišská Nová Ves,ahkimn,Yukina-,https://subwaybuildermodded.com/credits,1,1,38,38,37,37,snapshot_2026_10_09.json,snapshot_2026_10_02.json
353,map,calais-dunkerque,Calais - Dunkerque,pierreggt,pierreggt,https://github.com/pierreggt,1,1,37,37,36,36,snapshot_2026_10_09.json,snapshot_2026_10_02.json
354,map,angers,Angers,pierreggt,pierreggt,https://github.com/pierreggt,1,1,36,36,35,35,snapshot_2026_10_09.json,snapshot_2026_10_02.json
355,map,rouen,Rouen,pierreggt,pierreggt,https://github.com/pierreggt,1,1,36,36,35,35,snapshot_2026_10_09.json,snapshot_2026_10_02.json
356,map,amiens,Amiens,pierreggt,pierreggt,https://github.com/pierreggt,1,1,35,35,34,34,snapshot_2026_10_09.json,snapshot_2026_10_02.json
357,map,orleans,Orléans,pierreggt,pierreggt,https://github.com/pierreggt,1,1,34,34,33,33,snapshot_2026_10_09.json,snapshot_2026_10_02.json
358,map,le-mans,Le Mans,pierreggt,pierreggt,https://github.com/pierreggt,1,1,33,33,32,32,snapshot_2026_10_09.json,snapshot_2026_10_02.json
359,map,pau,Pau,pierreggt,pierreggt,https://github.com/pierreggt,1,1,33,33,32,32,snapshot_2026_10_09.json,snapshot_2026_10_02.json
360,map,caen,Caen,pierreggt,pierreggt,https://github.com/pierreggt,1,1,31,31,30,30,snapshot_2026_10_09.json,snapshot_2026_10_02.json
361,map,tours,Tours,pierreggt,pierreggt,https://github.com/pierreggt,1,1,31,31,30,30,snapshot_2026_10_09.json,snapshot_2026_10_02.json
362,map,reims,Reims,pierreggt,pierreggt,https://github.com/pierreggt,1,1,29,29,28,28,snapshot_2026_10_09.json,snapshot_2026_10_02.json
363,map,besancon,Besançon,pierreggt,pierreggt,https://github.com/pierreggt,1,1,28,28,27,27,snapshot_2026_10_09.json,snapshot_2026_10_02.json
364,map,la-rochelle,La Rochelle,pierreggt,pierreggt,https://github.com/pierreggt,1,1,28,28,27,27,snapshot_2026_10_09.json,snapshot_2026_10_02.json
365,map,le-havre,Le Havre,pierreggt,pierreggt,https://github.com/pierreggt,1,1,27,27,26,26,snapshot_2026_10_09.json,snapshot_2026_10_02.json
366,map,limoges,Limoges,pierreggt,pierreggt,https://github.com/pierreggt,1,1,25,25,24,24,snapshot_2026_10_09.json,snapshot_2026_10_02.json
367,map,gyeongju-pohang,Gyeongju-Pohang,budhakr,budhakr,https://github.com/budhakr,1,1,24,24,23,23,snapshot_2026_10_09.json,snapshot_2026_10_02.json
368,map,troyes,Troyes,pierreggt,pierreggt,https://github.com/pierreggt,1,1,24,24,23,23,snapshot_2026_10_09.json,snapshot_2026_10_02.json
369,map,jeonju-metropolitan,Jeonju-Gunsan-Iksan,budhakr,budhakr,https://github.com/budhakr,1,1,23,23,22,22,snapshot_2026_10_09.json,snapshot_2026_10_02.json
370,map,chuncheon,Chuncheon,budhakr,budhakr,https://github.com/budhakr,1,1,17,17,16,16,snapshot_2026_10_09.json,snapshot_2026_10_02.json
371,map,yukina-hu-miskolc,Miskolc,ahkimn,Yukina-,https://subwaybuildermodded.com/credits,1,1,17,17,16,16,snapshot_2026_10_09.json,snapshot_2026_10_02.json
372,mod,advanced-analytics,Advanced Analytics,stefanorigano,Steno,https://github.com/stefanorigano,0,0,13939,13939,13939,13939,snapshot_2026_10_09.json,snapshot_2026_10_02.json
373,mod,danield1909-dantrains,"danTrains (v1.* ""Phoenix"")",DanielD1909,DanielD1909,https://github.com/DanielD1909,0,0,2300,2300,2300,2300,snapshot_2026_10_09.json,snapshot_2026_10_02.json
374,map,seoul-3,Seoul (30km×30km),budhakr,budhakr,https://github.com/budhakr,0,0,1298,1298,1298,1298,snapshot_2026_10_09.json,snapshot_2026_10_02.json
375,mod,imb11-moveit,Move It!,IMB11,IMB11,https://github.com/IMB11,0,0,1231,1231,1231,1231,snapshot_2026_10_09.json,snapshot_2026_10_02.json
376,map,glasgow-edinburgh,Glasgow-Edinburgh,Kronifer,Kronifer,https://github.com/Kronifer,0,0,1037,1037,1037,1037,snapshot_2026_10_09.json,snapshot_2026_10_02.json
377,map,warsaw-val,Warsaw,Valdotorium,Valdotorium,https://github.com/Valdotorium,0,0,694,694,694,694,snapshot_2026_10_09.json,snapshot_2026_10_02.json
378,map,dublin,Dublin,Kronifer,Kronifer,https://github.com/Kronifer,0,0,608,608,608,608,snapshot_2026_10_09.json,snapshot_2026_10_02.json
379,map,yukina-kitakyushu-shimonoseki,北九州・下関 (Kitakyūshū & Shimonoseki),ahkimn,Yukina-,https://subwaybuildermodded.com/credits,0,0,592,592,592,592,snapshot_2026_10_09.json,snapshot_2026_10_02.json
380,map,busan-3,Busan (30km×30km),budhakr,budhakr,https://github.com/budhakr,0,0,491,491,491,491,snapshot_2026_10_09.json,snapshot_2026_10_02.json
381,map,bangkok,Bangkok,nzh0172,naz,https://github.com/nzh0172,0,0,383,383,383,383,snapshot_2026_10_09.json,snapshot_2026_10_02.json
382,map,greater-newyork,Greater NYC,chasemanning040911-afk,lechicken,https://github.com/chasemanning040911-afk,0,0,380,380,380,380,snapshot_2026_10_09.json,snapshot_2026_10_02.json
383,map,lima,Lima,kaicardenas0618,kaicardenas0618,https://github.com/kaicardenas0618,0,0,378,378,378,378,snapshot_2026_10_09.json,snapshot_2026_10_02.json
384,map,mfn-madisonwi,Madison,crumpetime,muffintime,https://github.com/crumpetime,0,0,361,361,361,361,snapshot_2026_10_09.json,snapshot_2026_10_02.json
385,map,yukina-cz-ustecko-chomutov,Ústí nad Labem - Chomutov,ahkimn,Yukina-,https://subwaybuildermodded.com/credits,0,0,358,358,358,358,snapshot_2026_10_09.json,snapshot_2026_10_02.json
386,map,daytonatti,Daytonatti,soccerjonj,soccerjonj,https://github.com/soccerjonj,0,0,355,355,355,355,snapshot_2026_10_09.json,snapshot_2026_10_02.json
387,map,yukina-cz-hradec-pardubice,Hradec Králové - Pardubice,ahkimn,Yukina-,https://subwaybuildermodded.com/credits,0,0,327,327,327,327,snapshot_2026_10_09.json,snapshot_2026_10_02.json
388,map,yukina-nakadoori,中通り (Nakadōri),ahkimn,Yukina-,https://subwaybuildermodded.com/credits,0,0,324,324,324,324,snapshot_2026_10_09.json,snapshot_2026_10_02.json
389,map,bucharest-medium,Bucharest,metatablestudios,metatablestudios,https://github.com/metatablestudios,0,0,314,314,314,314,snapshot_2026_10_09.json,snapshot_2026_10_02.json
390,map,yukina-takamatsu,高松 (Takamatsu),ahkimn,Yukina-,https://subwaybuildermodded.com/credits,0,0,313,313,313,313,snapshot_2026_10_09.json,snapshot_2026_10_02.json
391,map,jerusalem,Jerusalem,BarKuperman,BarKuperman,https://github.com/BarKuperman,0,-1,301,300,301,301,snapshot_2026_10_09.json,snapshot_2026_10_02.json
392,map,charleston-huntington-wv,Charleston-Huntington,PSWBSF,Potato Spaghetti Water Balloon Space Federation,https://youtu.be/dQw4w9WgXcQ?t=0,0,0,293,293,293,293,snapshot_2026_10_09.json,snapshot_2026_10_02.json
393,map,yukina-tw-chiayi,嘉義 (Chiayi),ahkimn,Yukina-,https://subwaybuildermodded.com/credits,0,0,265,265,265,265,snapshot_2026_10_09.json,snapshot_2026_10_02.json
394,map,mfn-msy,New Orleans,crumpetime,muffintime,https://github.com/crumpetime,0,0,261,261,261,261,snapshot_2026_10_09.json,snapshot_2026_10_02.json
395,map,yukina-cz-ceske-budejovice,České Budějovice,ahkimn,Yukina-,https://subwaybuildermodded.com/credits,0,0,245,245,245,245,snapshot_2026_10_09.json,snapshot_2026_10_02.json
396,map,providence,Providence,soccerjonj,soccerjonj,https://github.com/soccerjonj,0,0,239,239,239,239,snapshot_2026_10_09.json,snapshot_2026_10_02.json
397,map,incheon-3,Incheon (30km×30km),budhakr,budhakr,https://github.com/budhakr,0,0,234,234,234,234,snapshot_2026_10_09.json,snapshot_2026_10_02.json
398,map,sacramento,Sacramento,soccerjonj,soccerjonj,https://github.com/soccerjonj,0,0,234,234,234,234,snapshot_2026_10_09.json,snapshot_2026_10_02.json
399,mod,pause-on-start,Pause On Start,rslurry,slurry,https://github.com/rslurry,0,0,233,233,233,233,snapshot_2026_10_09.json,snapshot_2026_10_02.json
400,map,anchorage-ak,Anchorage,PSWBSF,Potato Spaghetti Water Balloon Space Federation,https://youtu.be/dQw4w9WgXcQ?t=0,0,0,229,229,229,229,snapshot_2026_10_09.json,snapshot_2026_10_02.json
401,map,albany,Albany,soccerjonj,soccerjonj,https://github.com/soccerjonj,0,0,228,228,228,228,snapshot_2026_10_09.json,snapshot_2026_10_02.json
402,map,nashville,Nashville,soccerjonj,soccerjonj,https://github.com/soccerjonj,0,0,225,225,225,225,snapshot_2026_10_09.json,snapshot_2026_10_02.json
403,mod,tathan-casino,TATHAN Casino,TathanDev,TathanDev,https://github.com/TathanDev,0,0,221,221,221,221,snapshot_2026_10_09.json,snapshot_2026_10_02.json
404,map,trondheim-val,Trondheim,Valdotorium,Valdotorium,https://github.com/Valdotorium,0,0,210,210,210,210,snapshot_2026_10_09.json,snapshot_2026_10_02.json
405,map,daegu-3,Daegu (30km×30km),budhakr,budhakr,https://github.com/budhakr,0,0,203,203,203,203,snapshot_2026_10_09.json,snapshot_2026_10_02.json
406,map,jeju-3,Jeju (30km×30km),budhakr,budhakr,https://github.com/budhakr,0,0,194,194,194,194,snapshot_2026_10_09.json,snapshot_2026_10_02.json
407,map,connecticut-usa,Connecticut,PSWBSF,Potato Spaghetti Water Balloon Space Federation,https://youtu.be/dQw4w9WgXcQ?t=0,0,0,191,191,191,191,snapshot_2026_10_09.json,snapshot_2026_10_02.json
408,map,yukina-cz-zlin,Zlín,ahkimn,Yukina-,https://subwaybuildermodded.com/credits,0,0,191,191,191,191,snapshot_2026_10_09.json,snapshot_2026_10_02.json
409,map,buffalo-ny,Buffalo,PSWBSF,Potato Spaghetti Water Balloon Space Federation,https://youtu.be/dQw4w9WgXcQ?t=0,0,0,189,187,189,187,snapshot_2026_10_09.json,snapshot_2026_10_02.json
410,map,colorado-ski-country,Colorado Ski Country,soccerjonj,soccerjonj,https://github.com/soccerjonj,0,0,186,186,186,186,snapshot_2026_10_09.json,snapshot_2026_10_02.json
411,map,waterloo,Region of Waterloo,Kronifer,Kronifer,https://github.com/Kronifer,0,0,186,186,186,186,snapshot_2026_10_09.json,snapshot_2026_10_02.json
412,map,louisville,Louisville,soccerjonj,soccerjonj,https://github.com/soccerjonj,0,0,181,181,181,181,snapshot_2026_10_09.json,snapshot_2026_10_02.json
413,map,yukina-pl-rzeszow,Rzeszów,ahkimn,Yukina-,https://subwaybuildermodded.com/credits,0,0,173,173,173,173,snapshot_2026_10_09.json,snapshot_2026_10_02.json
414,map,pyongyang-nk,Pyongyang,PSWBSF,Potato Spaghetti Water Balloon Space Federation,https://youtu.be/dQw4w9WgXcQ?t=0,0,0,158,158,158,158,snapshot_2026_10_09.json,snapshot_2026_10_02.json
415,map,willamette-valley,"Willamette Valley, OR",Phineapoo,Phineapoo,https://github.com/Phineapoo,0,0,157,157,157,157,snapshot_2026_10_09.json,snapshot_2026_10_02.json
416,map,mfn-northwestar,Northwest Arkansas,crumpetime,muffintime,https://github.com/crumpetime,0,0,156,156,156,156,snapshot_2026_10_09.json,snapshot_2026_10_02.json
417,map,charleston-sc,"Charleston, SC",PSWBSF,Potato Spaghetti Water Balloon Space Federation,https://youtu.be/dQw4w9WgXcQ?t=0,0,0,151,151,151,151,snapshot_2026_10_09.json,snapshot_2026_10_02.json
418,map,piedmont-triad,Piedmont Triad,PSWBSF,Potato Spaghetti Water Balloon Space Federation,https://youtu.be/dQw4w9WgXcQ?t=0,0,0,149,149,149,149,snapshot_2026_10_09.json,snapshot_2026_10_02.json
419,map,sejong-3,Sejong (30km×30km),budhakr,budhakr,https://github.com/budhakr,0,0,148,148,148,148,snapshot_2026_10_09.json,snapshot_2026_10_02.json
420,map,mfn-rdu,Raleigh,crumpetime,muffintime,https://github.com/crumpetime,0,0,142,142,142,142,snapshot_2026_10_09.json,snapshot_2026_10_02.json
421,map,wilmington-nc,"Wilmington, NC",PSWBSF,Potato Spaghetti Water Balloon Space Federation,https://youtu.be/dQw4w9WgXcQ?t=0,0,0,135,135,135,135,snapshot_2026_10_09.json,snapshot_2026_10_02.json
422,map,yukina-pl-olsztyn,Olsztyn,ahkimn,Yukina-,https://subwaybuildermodded.com/credits,0,0,132,132,132,132,snapshot_2026_10_09.json,snapshot_2026_10_02.json
423,map,yukina-pl-radom,Radom,ahkimn,Yukina-,https://subwaybuildermodded.com/credits,0,0,119,119,119,119,snapshot_2026_10_09.json,snapshot_2026_10_02.json
424,map,pulau-pinang,Pulau Pinang,nzh0172,naz,https://github.com/nzh0172,0,0,117,117,117,117,snapshot_2026_10_09.json,snapshot_2026_10_02.json
425,map,yukina-pl-opole,Opole,ahkimn,Yukina-,https://subwaybuildermodded.com/credits,0,0,117,117,117,117,snapshot_2026_10_09.json,snapshot_2026_10_02.json
426,map,dayton-oh,Dayton,PSWBSF,Potato Spaghetti Water Balloon Space Federation,https://youtu.be/dQw4w9WgXcQ?t=0,0,0,116,116,116,116,snapshot_2026_10_09.json,snapshot_2026_10_02.json
427,map,yukina-pl-central-pomerania,Pomorze Środkowe,ahkimn,Yukina-,https://subwaybuildermodded.com/credits,0,0,112,112,112,112,snapshot_2026_10_09.json,snapshot_2026_10_02.json
428,map,montpellier-mediterranee,Montpellier,pierreggt,pierreggt,https://github.com/pierreggt,0,0,110,110,110,110,snapshot_2026_10_09.json,snapshot_2026_10_02.json
429,map,syracuse-ny,"Syracuse, NY",PSWBSF,Potato Spaghetti Water Balloon Space Federation,https://youtu.be/dQw4w9WgXcQ?t=0,0,0,104,104,104,104,snapshot_2026_10_09.json,snapshot_2026_10_02.json
430,map,yukina-pl-legnica,Legnica - LGOM,ahkimn,Yukina-,https://subwaybuildermodded.com/credits,0,0,100,100,100,100,snapshot_2026_10_09.json,snapshot_2026_10_02.json
431,map,yukina-akita,秋田 (Akita),ahkimn,Yukina-,https://subwaybuildermodded.com/credits,0,0,98,98,98,98,snapshot_2026_10_09.json,snapshot_2026_10_02.json
432,map,toledo-oh,Toledo,bean1322,bean1322,https://github.com/bean1322,0,0,92,92,92,92,snapshot_2026_10_09.json,snapshot_2026_10_02.json
433,map,yukina-pl-plock-wloclawek,Płock - Włocławek,ahkimn,Yukina-,https://subwaybuildermodded.com/credits,0,0,92,92,92,92,snapshot_2026_10_09.json,snapshot_2026_10_02.json
434,map,akron-oh,"Akron, OH",bean1322,bean1322,https://github.com/bean1322,0,0,91,91,91,91,snapshot_2026_10_09.json,snapshot_2026_10_02.json
435,map,daejeon-3,Daejeon (30km×30km),budhakr,budhakr,https://github.com/budhakr,0,0,86,86,86,86,snapshot_2026_10_09.json,snapshot_2026_10_02.json
436,map,johor-bahru,Johor Bahru,nzh0172,naz,https://github.com/nzh0172,0,0,84,84,84,84,snapshot_2026_10_09.json,snapshot_2026_10_02.json
437,map,ulsan-3,Ulsan (30km×30km),budhakr,budhakr,https://github.com/budhakr,0,0,83,83,83,83,snapshot_2026_10_09.json,snapshot_2026_10_02.json
438,map,yukina-fukui,福井 (Fukui),ahkimn,Yukina-,https://subwaybuildermodded.com/credits,0,0,81,81,81,81,snapshot_2026_10_09.json,snapshot_2026_10_02.json
439,map,yukina-oita,大分 (Ōita),ahkimn,Yukina-,https://subwaybuildermodded.com/credits,0,0,81,81,81,81,snapshot_2026_10_09.json,snapshot_2026_10_02.json
440,map,yukina-tokushima,徳島 (Tokushima),ahkimn,Yukina-,https://subwaybuildermodded.com/credits,0,0,81,81,81,81,snapshot_2026_10_09.json,snapshot_2026_10_02.json
441,map,yukina-fukuyama,福山 (Fukuyama),ahkimn,Yukina-,https://subwaybuildermodded.com/credits,0,0,79,79,79,79,snapshot_2026_10_09.json,snapshot_2026_10_02.json
442,map,yukina-matsumoto,松本 (Matsumoto),ahkimn,Yukina-,https://subwaybuildermodded.com/credits,0,0,79,79,79,79,snapshot_2026_10_09.json,snapshot_2026_10_02.json
443,map,yukina-mito-hitachi,水戸・日立 (Mito & Hitachi),ahkimn,Yukina-,https://subwaybuildermodded.com/credits,0,0,79,79,79,79,snapshot_2026_10_09.json,snapshot_2026_10_02.json
444,map,yukina-kofu,甲府 (Kōfu),ahkimn,Yukina-,https://subwaybuildermodded.com/credits,0,0,78,78,78,78,snapshot_2026_10_09.json,snapshot_2026_10_02.json
445,map,cusco,Cusco,kaicardenas0618,kaicardenas0618,https://github.com/kaicardenas0618,0,0,66,66,66,66,snapshot_2026_10_09.json,snapshot_2026_10_02.json
446,map,arequipa,Arequipa,kaicardenas0618,kaicardenas0618,https://github.com/kaicardenas0618,0,0,64,64,64,64,snapshot_2026_10_09.json,snapshot_2026_10_02.json
447,map,gwangju-3,Gwangju (30km×30km),budhakr,budhakr,https://github.com/budhakr,0,0,60,60,60,60,snapshot_2026_10_09.json,snapshot_2026_10_02.json
448,map,kuwait-city,Kuwait City,pierreggt,pierreggt,https://github.com/pierreggt,0,0,51,51,51,51,snapshot_2026_10_09.json,snapshot_2026_10_02.json
449,map,jeju-4,Jeju (40km×40km),budhakr,budhakr,https://github.com/budhakr,0,0,48,48,48,48,snapshot_2026_10_09.json,snapshot_2026_10_02.json
450,map,chiclayo,Chiclayo,kaicardenas0618,kaicardenas0618,https://github.com/kaicardenas0618,0,0,46,46,46,46,snapshot_2026_10_09.json,snapshot_2026_10_02.json
451,map,piura,Piura,kaicardenas0618,kaicardenas0618,https://github.com/kaicardenas0618,0,0,46,46,46,46,snapshot_2026_10_09.json,snapshot_2026_10_02.json
452,map,trujillo,Trujillo,kaicardenas0618,kaicardenas0618,https://github.com/kaicardenas0618,0,0,46,46,46,46,snapshot_2026_10_09.json,snapshot_2026_10_02.json
453,map,chimbote,Chimbote,kaicardenas0618,kaicardenas0618,https://github.com/kaicardenas0618,0,0,43,43,43,43,snapshot_2026_10_09.json,snapshot_2026_10_02.json
454,map,iquitos,Iquitos,kaicardenas0618,kaicardenas0618,https://github.com/kaicardenas0618,0,0,43,43,43,43,snapshot_2026_10_09.json,snapshot_2026_10_02.json
455,map,yukina-sk-nitra,Nitra,ahkimn,Yukina-,https://subwaybuildermodded.com/credits,0,0,43,43,43,43,snapshot_2026_10_09.json,snapshot_2026_10_02.json
456,map,aleppo,Aleppo,pierreggt,pierreggt,https://github.com/pierreggt,0,0,42,42,42,42,snapshot_2026_10_09.json,snapshot_2026_10_02.json
457,map,huancayo-jauja,Huancayo/Jauja,kaicardenas0618,kaicardenas0618,https://github.com/kaicardenas0618,0,0,41,41,41,41,snapshot_2026_10_09.json,snapshot_2026_10_02.json
458,map,yukina-sk-zilina,Žilina,ahkimn,Yukina-,https://subwaybuildermodded.com/credits,0,0,38,38,38,38,snapshot_2026_10_09.json,snapshot_2026_10_02.json
459,map,moenchengladbach,Mönchengladbach,pierreggt,pierreggt,https://github.com/pierreggt,0,0,37,37,37,37,snapshot_2026_10_09.json,snapshot_2026_10_02.json
460,map,mosul,Mosul,pierreggt,pierreggt,https://github.com/pierreggt,0,0,32,32,32,32,snapshot_2026_10_09.json,snapshot_2026_10_02.json
461,map,yukina-sk-trencin,Trenčín,ahkimn,Yukina-,https://subwaybuildermodded.com/credits,0,0,32,32,32,32,snapshot_2026_10_09.json,snapshot_2026_10_02.json
462,mod,imb11-subwaycine,SubwayCine,IMB11,IMB11,https://github.com/IMB11,0,0,31,31,31,31,snapshot_2026_10_09.json,snapshot_2026_10_02.json
463,map,erbil,Erbil,pierreggt,pierreggt,https://github.com/pierreggt,0,0,30,30,30,30,snapshot_2026_10_09.json,snapshot_2026_10_02.json
464,map,mashhad,Mashhad,pierreggt,pierreggt,https://github.com/pierreggt,0,0,30,30,30,30,snapshot_2026_10_09.json,snapshot_2026_10_02.json
465,map,ipoh,Ipoh,nzh0172,naz,https://github.com/nzh0172,0,0,27,27,27,27,snapshot_2026_10_09.json,snapshot_2026_10_02.json
466,map,shiraz,Shiraz,pierreggt,pierreggt,https://github.com/pierreggt,0,0,24,24,24,24,snapshot_2026_10_09.json,snapshot_2026_10_02.json
467,mod,prospector-ghebeek,Prospector,matematysek,matematysek,https://github.com/matematysek,0,0,23,23,23,23,snapshot_2026_10_09.json,snapshot_2026_10_02.json
468,mod,conceptrains,Conceptrains - Vietnamese Metro,luu8358,luu8358,https://github.com/luu8358,0,0,2,2,2,2,snapshot_2026_10_09.json,snapshot_2026_10_02.json
469,mod,zz-deletion-fixture,Deletion Fixture,subway-builder-modded-admin,Subway Builder Modded,https://subwaybuildermodded.com,0,0,0,0,0,0,snapshot_2026_10_09.json,snapshot_2026_10_02.json
470,mod,zz-deprecation-fixture,Deprecation Fixture,subway-builder-modded-admin,Subway Builder Modded,https://subwaybuildermodded.com,0,0,0,0,0,0,snapshot_2026_10_09.json,snapshot_2026_10_02.json
