listing_type,name,author_alias,total_downloads
map,Greater Los Angeles,slurry,2861
map,東京 (Tokyo),jelegend,1994
map,Toronto,devenperez,1975
map,Seoul (40km×40km),kimth9,1952
map,Hong Kong,muffintime,1754
map,大阪 (Ōsaka),Yukina-,1546
map,Ciudad de México,slurry,1376
map,Montreal,devenperez,1340
map,Berlin,Valdotorium,1324
map,Zurich,Kronifer,1192
map,Los Angeles County,slurry,1175
map,Vancouver,devenperez,1140
map,Praha,Yukina-,1109
map,Barcelona,max02,1103
map,Sydney,WillBarouch,1033
map,Amsterdam,ryandicicco,979
map,Seoul (30km×30km),kimth9,973
map,Glasgow-Edinburgh,Kronifer,951
map,京都 (Kyōto),Yukina-,932
map,Madrid,max02,928
map,Singapore,Valdotorium,911
map,臺北 (Taipei),Yukina-,888
map,Busan (40km×40km),kimth9,844
map,Charleston-Huntington,Potato Spaghetti Water Balloon Space Federation,735
map,Shanghai,Kronifer,732
map,Helsinki,slurry,713
map,Guangzhou,Kronifer,655
map,福岡 (Fukuoka),Yukina-,611
map,Incheon (40km×40km),kimth9,602
map,Milan,max02,602
map,Rome,max02,580
map,Monterrey,slurry,564
map,Dublin,Kronifer,538
map,Tampa Bay,slurry,528
map,Ottawa,devenperez,503
map,Guadalajara,slurry,501
map,Warszawa,Yukina-,496
map,名古屋 (Nagoya),Yukina-,490
map,札幌 (Sapporo),Yukina-,485
map,Rotterdam-The Hague,ryandicicco,481
map,Baltimore-DC Corridor,slurry,480
map,Calgary,devenperez,452
map,Kraków,Yukina-,441
map,Las Vegas,muffintime,439
map,沖縄 (Okinawa),Yukina-,418
map,Shenzhen,Kronifer,415
map,Puerto Rico,slurry,414
map,Warsaw,Valdotorium,406
map,Busan (30km×30km),kimth9,405
map,Tel Aviv,BarKuperman,404
map,Edmonton,devenperez,390
map,Quebec City,devenperez,385
map,広島 (Hiroshima),Yukina-,379
map,Greater NYC,lechicken,346
map,Oslo,slurry,330
map,Gdańsk,Yukina-,327
map,Bangkok,naz,326
map,Bilbao,max02,320
map,Winnipeg,devenperez,313
map,Greater Kuala Lumpur,naz,312
map,Valencia,max02,309
map,Brno,Yukina-,306
map,Madison,muffintime,304
map,Cairo,ryandicicco,303
map,Daytonatti,soccerjonj,303
map,Lima,kaicardenas0618,272
map,Dubai,ryandicicco,269
map,神戸 (Kōbe),Yukina-,265
map,Orlando,slurry,262
map,South Florida,kaicardenas0618,261
map,Tijuana-San Diego,slurry,260
map,北九州 (Kitakyūshū),Yukina-,259
map,Beijing,Kronifer,246
map,Greater Twin Cities,DanielD1909,240
map,Naples,max02,240
map,"Porto, Portugal",bquelhas,240
map,Bucharest,metatablestudios,228
map,高雄 (Kaohsiung),Yukina-,228
map,Jerusalem,BarKuperman,225
map,臺中 (Taichung),Yukina-,225
map,Wrocław,Yukina-,212
map,Rhode Island,slurry,210
map,仙台 (Sendai),Yukina-,208
map,Sejong (40km×40km),kimth9,200
map,福北 (Fukuoka & Kitakyūshū),Yukina-,198
map,Trondheim,Valdotorium,195
map,Providence,soccerjonj,192
map,Ostrava,Yukina-,188
map,Katowice - GZM,Yukina-,187
map,Sacramento,soccerjonj,186
map,Ulsan (40km×40km),kimth9,182
map,Albany,soccerjonj,181
map,Daegu (30km×30km),kimth9,181
map,Spokane,ryandicicco,181
map,Jeju (30km×30km),kimth9,178
map,San Juan,slurry,177
map,Anchorage,Potato Spaghetti Water Balloon Space Federation,176
map,Incheon (30km×30km),kimth9,176
map,函館 (Hakodate),Yukina-,172
map,Nashville,soccerjonj,171
map,松山 (Matsuyama),Yukina-,170
map,Turin,max02,165
map,Florence,max02,164
map,Oklahoma City,ryandicicco,161
map,高知 (Kōchi),Yukina-,161
map,Genoa,max02,160
map,Region of Waterloo,Kronifer,158
map,Richmond,slurry,157
map,Łódź,Yukina-,156
map,Jeju (Full Island),kimth9,155
map,Orange County,slurry,153
map,Puebla,slurry,153
map,Jacksonville,slurry,152
map,CDMX Core,slurry,143
map,Pyongyang,Potato Spaghetti Water Balloon Space Federation,142
map,Sejong (30km×30km),kimth9,142
map,Norfolk,muffintime,141
map,鹿児島 (Kagoshima),Yukina-,141
map,Colorado Ski Country,soccerjonj,140
map,Buffalo,Potato Spaghetti Water Balloon Space Federation,139
map,Bydgoszcz - Toruń,Yukina-,138
map,Ciudad Juárez-El Paso,slurry,137
map,新潟 (Niigata),Yukina-,136
map,臺南 (Tainan),Yukina-,136
map,Louisville,soccerjonj,135
map,Greater Portland,slurry,133
map,Pianura Veneta,max02,133
map,Santa Barbara,slurry,132
map,Rochester,slurry,131
map,Plzeň,Yukina-,131
map,Connecticut,Potato Spaghetti Water Balloon Space Federation,130
map,山形 (Yamagata),Yukina-,126
map,Bologna,max02,125
map,長崎 (Nagasaki),Yukina-,125
map,San Antonio,slurry,123
map,Greater Baltimore,slurry,120
map,Bari,max02,119
map,Memphis,slurry,119
map,Tallinn,Yukina-,119
map,Greater Chicagoland,NerdieSanders,118
map,Poznań,Yukina-,112
map,Northwest Arkansas,muffintime,110
map,Ústí nad Labem - Chomutov,Yukina-,110
map,Garda Lake,max02,108
map,Daegu (40km×40km),kimth9,106
map,"Willamette Valley, OR",Phineapoo,105
map,Catania,max02,100
map,Piedmont Triad,Potato Spaghetti Water Balloon Space Federation,100
map,Olomouc,Yukina-,99
map,Bergen-Stavanger,slurry,98
map,"Charleston, SC",Potato Spaghetti Water Balloon Space Federation,98
map,New Orleans,muffintime,97
map,Palermo,max02,97
map,Hradec Králové - Pardubice,Yukina-,93
map,中海 (Nakaumi),Yukina-,93
map,Raleigh,muffintime,92
map,新竹 (Hsinchu),Yukina-,92
map,Saltillo,slurry,91
map,Tromsø,slurry,89
map,"Wilmington, NC",Potato Spaghetti Water Balloon Space Federation,89
map,富山 (Toyama),Yukina-,81
map,Szczecin,Yukina-,79
map,Trondheim,slurry,78
map,Ulsan (30km×30km),kimth9,77
map,Daejeon (40km×40km),kimth9,75
map,静岡・浜松 (Shizuoka/Hamamatsu),Yukina-,75
map,旭川 (Asahikawa),Yukina-,71
map,Dayton,Potato Spaghetti Water Balloon Space Federation,70
map,Gwangju (40km×40km),kimth9,70
map,嘉義 (Chiayi),Yukina-,70
map,Białystok,Yukina-,69
map,高松 (Takamatsu),Yukina-,69
map,Daejeon (30km×30km),kimth9,67
map,Pianura Emiliana,max02,67
map,岡山 (Okayama),Yukina-,64
map,Pulau Pinang,naz,62
map,津軽 (Tsugaru),Yukina-,62
map,Knoxville,slurry,60
map,Riviera Romagnola,max02,59
map,Lublin,Yukina-,58
map,Tri-Cities,ryandicicco,56
map,Gwangju (30km×30km),kimth9,55
map,"Syracuse, NY",Potato Spaghetti Water Balloon Space Federation,53
map,中通り (Nakadōri),Yukina-,46
map,Rzeszów,Yukina-,45
map,Mexicali-Imperial Valley-Yuma,slurry,44
map,Toledo,bean1322,44
map,Liberec - Jablonec nad Nisou,Yukina-,42
map,České Budějovice,Yukina-,41
map,"Akron, OH",bean1322,40
map,Cusco,kaicardenas0618,39
map,熊本 (Kumamoto),Yukina-,37
map,Arequipa,kaicardenas0618,33
map,Johor Bahru,naz,30
map,Kristiansand,slurry,30
map,Jeju (40km×40km),kimth9,28
map,Karlovy Vary,Yukina-,27
map,盛岡 (Morioka),Yukina-,25
map,Pärnu,Yukina-,24
map,Ipoh,naz,23
map,Kielce,Yukina-,20
map,Chiclayo,kaicardenas0618,19
map,Chimbote,kaicardenas0618,18
map,Trujillo,kaicardenas0618,18
map,Zielona Góra,Yukina-,18
map,鳥取 (Tottori),Yukina-,18
map,Iquitos,kaicardenas0618,17
map,Piura,kaicardenas0618,17
map,Tartu,Yukina-,16
map,Olsztyn,Yukina-,15
map,Huancayo/Jauja,kaicardenas0618,14
map,Ida-Viru,Yukina-,12
map,Radom,Yukina-,12
map,Częstochowa,Yukina-,10
map,Jihlava,Yukina-,8
map,Zlín,Yukina-,7
map,Opole,Yukina-,6
map,Legnica - LGOM,Yukina-,5
