rank,project_key,project_name,author,author_alias,attribution_link,listing_count,download_change,adjusted_download_change,current_total,adjusted_current_total,baseline_total,adjusted_baseline_total,latest_snapshot,baseline_snapshot,map_download_change,adjusted_map_download_change,mod_download_change,adjusted_mod_download_change
1,ahkimn/subwaybuilder-eu-maps,subwaybuilder-eu-maps,ahkimn,Yukina-,https://subwaybuildermodded.com/credits,85,3782,3782,22290,22290,18508,18508,snapshot_2026_10_06.json,snapshot_2026_09_06.json,3782,3782,0,0
2,kaicardenas0618/japanese-trains,japanese-trains,kaicardenas0618,kaicardenas0618,https://github.com/kaicardenas0618,1,1518,1518,2559,2559,1041,1041,snapshot_2026_10_06.json,snapshot_2026_09_06.json,0,0,1518,1518
3,ahkimn/subwaybuilder-jp-maps,subwaybuilder-jp-maps,ahkimn,Yukina-,https://subwaybuildermodded.com/credits,48,1304,1304,23700,23700,22396,22396,snapshot_2026_10_06.json,snapshot_2026_09_06.json,1304,1304,0,0
4,rslurry/subwaybuilder-maps,subwaybuilder-maps,rslurry,slurry,https://github.com/rslurry,33,1250,1250,21121,21121,19871,19871,snapshot_2026_10_06.json,snapshot_2026_09_06.json,1250,1250,0,0
5,budhakr/sb_korean_map_pack,sb_korean_map_pack,budhakr,budhakr,https://github.com/budhakr,16,1223,1223,6516,6516,5293,5293,snapshot_2026_10_06.json,snapshot_2026_09_06.json,1223,1223,0,0
6,pierreggt/subwaybuilder-maps-deutschland,subwaybuilder-maps-deutschland,pierreggt,pierreggt,https://github.com/pierreggt,20,1106,1106,2277,2277,1171,1171,snapshot_2026_10_06.json,snapshot_2026_09_06.json,1106,1106,0,0
7,devenperez/subway-builder-canadian-maps,subway-builder-canadian-maps,subway-builder-modded-admin,Subway Builder Modded,https://subwaybuildermodded.com,8,982,982,11904,11904,10922,10922,snapshot_2026_10_06.json,snapshot_2026_09_06.json,982,982,0,0
8,pierreggt/subwaybuilder-maps-france,subwaybuilder-maps-france,pierreggt,pierreggt,https://github.com/pierreggt,35,863,863,4804,4804,3941,3941,snapshot_2026_10_06.json,snapshot_2026_09_06.json,863,863,0,0
9,barkuperman/subwaybuilder-au-nz-maps,subwaybuilder-au-nz-maps,subway-builder-modded-admin,Subway Builder Modded,https://subwaybuildermodded.com,9,831,831,3192,3192,2361,2361,snapshot_2026_10_06.json,snapshot_2026_09_06.json,831,831,0,0
10,noahgarrf/upzoned-transit,Upzoned-Transit,NoahGarrf,NoahGarrf,https://github.com/NoahGarrf,1,680,680,680,680,0,0,snapshot_2026_10_06.json,snapshot_2026_09_06.json,0,0,680,680
11,crumpetime/subway_builder_distance_circles,subway_builder_distance_circles,crumpetime,muffintime,https://github.com/crumpetime,1,585,585,8653,8653,8068,8068,snapshot_2026_10_06.json,snapshot_2026_09_06.json,0,0,585,585
12,kronifer/sb-chinese-maps,sb-chinese-maps,Kronifer,Kronifer,https://github.com/Kronifer,6,576,576,6948,6948,6372,6372,snapshot_2026_10_06.json,snapshot_2026_09_06.json,576,576,0,0
13,martig7/improved-schematics,Improved-Schematics,martig7,martig7,https://github.com/martig7,1,556,556,6487,6487,5931,5931,snapshot_2026_10_06.json,snapshot_2026_09_06.json,0,0,556,556
14,maximilian284/subwaybuilder-it-maps,subwaybuilder-it-maps,Maximilian284,max02,https://github.com/Maximilian284,14,536,536,5340,5340,4804,4804,snapshot_2026_10_06.json,snapshot_2026_09_06.json,536,536,0,0
15,ryandicicco/subway-builder-maps,Subway-Builder-Maps,ryandicicco,ryandicicco,https://github.com/ryandicicco,11,536,536,4938,4938,4402,4402,snapshot_2026_10_06.json,snapshot_2026_09_06.json,536,536,0,0
16,pierreggt/subwaybuilder-maps,subwaybuilder-maps,pierreggt,pierreggt,https://github.com/pierreggt,16,535,535,1214,1214,679,679,snapshot_2026_10_06.json,snapshot_2026_09_06.json,535,535,0,0
17,willbarouch/subwaybuilder-sydney,subwaybuilder-sydney,WillBarouch,WillBarouch,https://github.com/WillBarouch,1,499,499,1843,1843,1344,1344,snapshot_2026_10_06.json,snapshot_2026_09_06.json,499,499,0,0
18,barkuperman/transit-overlay-subway-builder-mod,transit-overlay-subway-builder-mod,BarKuperman,BarKuperman,https://github.com/BarKuperman,1,492,492,5851,5851,5359,5359,snapshot_2026_10_06.json,snapshot_2026_09_06.json,0,0,492,492
19,martig7/induced-demand,Induced-Demand,martig7,martig7,https://github.com/martig7,1,468,468,4531,4531,4063,4063,snapshot_2026_10_06.json,snapshot_2026_09_06.json,0,0,468,468
20,maximilian284/subwaybuilder-es-maps,subwaybuilder-es-maps,Maximilian284,max02,https://github.com/Maximilian284,7,459,459,5263,5263,4804,4804,snapshot_2026_10_06.json,snapshot_2026_09_06.json,459,459,0,0
21,ahkimn/subwaybuilder-tw-maps,subwaybuilder-tw-maps,ahkimn,Yukina-,https://subwaybuildermodded.com/credits,9,434,434,4972,4972,4538,4538,snapshot_2026_10_06.json,snapshot_2026_09_06.json,434,434,0,0
22,valdotorium/railyard-maps-2,Railyard-Maps-2,Valdotorium,Valdotorium,https://github.com/Valdotorium,4,413,413,5555,5555,5142,5142,snapshot_2026_10_06.json,snapshot_2026_09_06.json,413,413,0,0
23,akospanov/subwaybuildermaps-russia,subwaybuildermaps-russia,akospanov,akospanov,https://github.com/akospanov,1,407,407,407,407,0,0,snapshot_2026_10_06.json,snapshot_2026_09_06.json,407,407,0,0
24,zaschrona/demand-developer,demand-developer,Zaschrona,Zaschrona,https://github.com/Zaschrona,1,378,378,378,378,0,0,snapshot_2026_10_06.json,snapshot_2026_09_06.json,0,0,378,378
25,ahkimn/subwaybuilder-regions,subwaybuilder-regions,ahkimn,Yukina-,https://subwaybuildermodded.com/credits,1,375,375,5677,5677,5302,5302,snapshot_2026_10_06.json,snapshot_2026_09_06.json,0,0,375,375
26,meszier83/subway-builder-mexico-maps,subway-builder-mexico-maps,Meszier83,Meszier83,https://github.com/Meszier83,1,357,357,357,357,0,0,snapshot_2026_10_06.json,snapshot_2026_09_06.json,357,357,0,0
27,pendulating/neighborhood-station-names,neighborhood-station-names,pendulating,pendulating,https://github.com/pendulating,1,329,329,2489,2489,2160,2160,snapshot_2026_10_06.json,snapshot_2026_09_06.json,0,0,329,329
28,danielloong714/intercity-hsr-trains,intercity-hsr-trains,danielloong714,danielloong714,https://github.com/danielloong714,1,327,327,538,538,211,211,snapshot_2026_10_06.json,snapshot_2026_09_06.json,0,0,327,327
29,danield1909/dantrains-abridged,dantrains-abridged,DanielD1909,DanielD1909,https://github.com/DanielD1909,1,326,326,1093,1093,767,767,snapshot_2026_10_06.json,snapshot_2026_09_06.json,0,0,326,326
30,rexmhall09/subway-builder-performance-mod,Subway-Builder-Performance-Mod,rexmhall09,rexmhall09,https://github.com/rexmhall09,1,313,313,1474,1474,1161,1161,snapshot_2026_10_06.json,snapshot_2026_09_06.json,0,0,313,313
31,valdotorium/valdotoriums_trains,Valdotoriums_Trains,Valdotorium,Valdotorium,https://github.com/Valdotorium,1,301,301,4069,4069,3768,3768,snapshot_2026_10_06.json,snapshot_2026_09_06.json,0,0,301,301
32,roquerodrigo/subway-builder-auto-lines,subway-builder-auto-lines,roquerodrigo,roquerodrigo,https://github.com/roquerodrigo,1,298,298,1660,1660,1362,1362,snapshot_2026_10_06.json,snapshot_2026_09_06.json,0,0,298,298
33,hernang87/amba-buenos-aires-metropolitan-area-for-subway-builder,AMBA-Buenos-Aires-Metropolitan-Area-for-Subway-Builder,hernang87,hernang87,https://github.com/hernang87,1,298,298,440,440,142,142,snapshot_2026_10_06.json,snapshot_2026_09_06.json,298,298,0,0
34,nzh0172/sb-station-dots,sb-station-dots,nzh0172,naz,https://github.com/nzh0172,1,269,269,3458,3458,3189,3189,snapshot_2026_10_06.json,snapshot_2026_09_06.json,0,0,269,269
35,valdotorium/network-status,network-status,Valdotorium,Valdotorium,https://github.com/Valdotorium,1,265,265,3132,3132,2867,2867,snapshot_2026_10_06.json,snapshot_2026_09_06.json,0,0,265,265
36,valdotorium/speed-mod,speed-mod,Valdotorium,Valdotorium,https://github.com/Valdotorium,1,248,248,2751,2751,2503,2503,snapshot_2026_10_06.json,snapshot_2026_09_06.json,0,0,248,248
37,patchbaywizard/subway-builder-time-boost,subway-builder-time-boost,patchbaywizard,patchbaywizard,https://github.com/patchbaywizard,1,238,238,238,238,0,0,snapshot_2026_10_06.json,snapshot_2026_09_06.json,0,0,238,238
38,seanyushoumori/track-anarchy,track-anarchy,seanyushoumori,seanyushoumori,https://github.com/seanyushoumori,1,236,236,2068,2068,1832,1832,snapshot_2026_10_06.json,snapshot_2026_09_06.json,0,0,236,236
39,jguylherme/rio_metro,rio_metro,JGuylherme,JGuylherme,https://github.com/JGuylherme,1,224,224,224,224,0,0,snapshot_2026_10_06.json,snapshot_2026_09_06.json,224,224,0,0
40,barkuperman/orbital-surveyor,orbital-surveyor,BarKuperman,BarKuperman,https://github.com/BarKuperman,1,215,215,2510,2510,2295,2295,snapshot_2026_10_06.json,snapshot_2026_09_06.json,0,0,215,215
41,bobby-047/some-new-trains,Some-new-Trains,Bobby-047,Bobby-047,https://github.com/Bobby-047,1,205,205,3886,3886,3681,3681,snapshot_2026_10_06.json,snapshot_2026_09_06.json,0,0,205,205
42,crumpetime/sb-maps-hkg,sb-maps-hkg,crumpetime,muffintime,https://github.com/crumpetime,1,198,198,3222,3222,3024,3024,snapshot_2026_10_06.json,snapshot_2026_09_06.json,198,198,0,0
43,rslurry/subwaybuilder-missedconnections,subwaybuilder-missedConnections,rslurry,slurry,https://github.com/rslurry,1,192,192,2056,2056,1864,1864,snapshot_2026_10_06.json,snapshot_2026_09_06.json,0,0,192,192
44,seanyushoumori/track-visualizer,track-visualizer,seanyushoumori,seanyushoumori,https://github.com/seanyushoumori,1,191,191,2718,2718,2527,2527,snapshot_2026_10_06.json,snapshot_2026_09_06.json,0,0,191,191
45,nzh0172/sb-anymoney,sb-anymoney,nzh0172,naz,https://github.com/nzh0172,1,191,191,2628,2628,2437,2437,snapshot_2026_10_06.json,snapshot_2026_09_06.json,0,0,191,191
46,rmerr1/sb-vienna-map,sb-vienna-map,Rmerr1,Rmerr1,https://github.com/Rmerr1,1,182,182,652,652,470,470,snapshot_2026_10_06.json,snapshot_2026_09_06.json,182,182,0,0
47,holapapie-png/subwaybuilder-gran-santiago,subwaybuilder-gran-santiago,holapapie-png,holapapie-png,https://github.com/holapapie-png,1,162,162,162,162,0,0,snapshot_2026_10_06.json,snapshot_2026_09_06.json,162,162,0,0
48,noahgarrf/great-society-subway-train,Great-Society-Subway-Train,NoahGarrf,NoahGarrf,https://github.com/NoahGarrf,1,160,160,230,230,70,70,snapshot_2026_10_06.json,snapshot_2026_09_06.json,0,0,160,160
49,cromstar/subwaybuilder-seoul-map,subwaybuilder-seoul-map,cromstar,cromstar,https://github.com/cromstar,1,155,155,513,513,358,358,snapshot_2026_10_06.json,snapshot_2026_09_06.json,155,155,0,0
50,seanyushoumori/scrollable-dropdowns,scrollable-dropdowns,seanyushoumori,seanyushoumori,https://github.com/seanyushoumori,1,154,154,1852,1852,1698,1698,snapshot_2026_10_06.json,snapshot_2026_09_06.json,0,0,154,154
51,hsullivan1201/sb-tod,sb-tod,hsullivan1201,hsullivan1201,https://github.com/hsullivan1201,1,148,148,2736,2736,2588,2588,snapshot_2026_10_06.json,snapshot_2026_09_06.json,0,0,148,148
52,gio1112/subway-builder-citymapper,subway-builder-citymapper,Gio1112,giorgiodabest,https://giorgio.is-a.dev/,1,136,136,2911,2911,2775,2775,snapshot_2026_10_06.json,snapshot_2026_09_06.json,0,0,136,136
53,noahgarrf/larp-builder,Larp-Builder,NoahGarrf,NoahGarrf,https://github.com/NoahGarrf,1,131,131,131,131,0,0,snapshot_2026_10_06.json,snapshot_2026_09_06.json,0,0,131,131
54,pierreggt/subway-builder-istanbul,subway-builder-istanbul,pierreggt,pierreggt,https://github.com/pierreggt,1,128,128,616,616,488,488,snapshot_2026_10_06.json,snapshot_2026_09_06.json,128,128,0,0
55,noahgarrf/unrusted-an-alternate-rust-belt,Unrusted-An-Alternate-Rust-Belt,NoahGarrf,NoahGarrf,https://github.com/NoahGarrf,1,126,126,126,126,0,0,snapshot_2026_10_06.json,snapshot_2026_09_06.json,0,0,126,126
56,holapapie-png/subwaybuilder-chile-central,subwaybuilder-chile-central,holapapie-png,holapapie-png,https://github.com/holapapie-png,1,125,125,125,125,0,0,snapshot_2026_10_06.json,snapshot_2026_09_06.json,125,125,0,0
57,mpfk/subway-builder-mode-manager,subway-builder-mode-manager,Mpfk,Mpfk,https://github.com/Mpfk,1,123,123,2003,2003,1880,1880,snapshot_2026_10_06.json,snapshot_2026_09_06.json,0,0,123,123
58,roquerodrigo/subway-builder-map-markers,subway-builder-map-markers,roquerodrigo,roquerodrigo,https://github.com/roquerodrigo,1,123,123,1270,1270,1147,1147,snapshot_2026_10_06.json,snapshot_2026_09_06.json,0,0,123,123
59,arniber21/dantrains-abridged,dantrains-abridged,arniber21,arniber21,https://github.com/arniber21,1,122,122,364,364,242,242,snapshot_2026_10_06.json,snapshot_2026_09_06.json,0,0,122,122
60,noahgarrf/la-metro-trainpack,la-metro-trainpack,NoahGarrf,NoahGarrf,https://github.com/NoahGarrf,1,114,114,136,136,22,22,snapshot_2026_10_06.json,snapshot_2026_09_06.json,0,0,114,114
61,noahgarrf/unrusted-chicago,unrusted-chicago,NoahGarrf,NoahGarrf,https://github.com/NoahGarrf,1,107,107,107,107,0,0,snapshot_2026_10_06.json,snapshot_2026_09_06.json,0,0,107,107
62,kronifer/sb-zurich-map,sb-zurich-map,Kronifer,Kronifer,https://github.com/Kronifer,1,106,106,2286,2286,2180,2180,snapshot_2026_10_06.json,snapshot_2026_09_06.json,106,106,0,0
63,seanyushoumori/train-anarchy,train-anarchy,seanyushoumori,seanyushoumori,https://github.com/seanyushoumori,1,90,90,464,464,374,374,snapshot_2026_10_06.json,snapshot_2026_09_06.json,0,0,90,90
64,jelegend/subwaybuilder,subwaybuilder,jelegend,jelegend,https://github.com/jelegend,1,82,82,3844,3844,3762,3762,snapshot_2026_10_06.json,snapshot_2026_09_06.json,82,82,0,0
65,transitcore/satellite-overview,Satellite-Overview,TransitCore,TransitCore,https://github.com/TransitCore,1,82,82,970,970,888,888,snapshot_2026_10_06.json,snapshot_2026_09_06.json,0,0,82,82
66,kaicardenas0618/lrt-trains,lrt-trains,kaicardenas0618,kaicardenas0618,https://github.com/kaicardenas0618,1,71,71,1192,1192,1121,1121,snapshot_2026_10_06.json,snapshot_2026_09_06.json,0,0,71,71
67,danield1909/pathfinding-realism-mod,Pathfinding-Realism-Mod,DanielD1909,DanielD1909,https://github.com/DanielD1909,1,69,69,347,347,278,278,snapshot_2026_10_06.json,snapshot_2026_09_06.json,0,0,69,69
68,nerdiesanders/subway-builder-gchi,subway-builder-gchi,NerdieSanders,NerdieSanders,https://github.com/NerdieSanders,1,67,67,1047,1047,980,980,snapshot_2026_10_06.json,snapshot_2026_09_06.json,67,67,0,0
69,barkuperman/tlv-mod,TLV-mod,BarKuperman,BarKuperman,https://github.com/BarKuperman,1,64,64,812,812,748,748,snapshot_2026_10_06.json,snapshot_2026_09_06.json,64,64,0,0
70,noahgarrf/unrusted-detroit,unrusted-detroit,NoahGarrf,NoahGarrf,https://github.com/NoahGarrf,1,64,64,64,64,0,0,snapshot_2026_10_06.json,snapshot_2026_09_06.json,0,0,64,64
71,prodigious-penguin/penguin-approved-rolling-stock,Penguin-Approved-Rolling-Stock,prodigious-penguin,prodigious-penguin,https://github.com/prodigious-penguin,1,63,63,273,273,210,210,snapshot_2026_10_06.json,snapshot_2026_09_06.json,0,0,63,63
72,xoaninc/madrid-transit-pack,madrid-transit-pack,xoaninc,xoaninc,https://github.com/xoaninc,1,63,63,219,219,156,156,snapshot_2026_10_06.json,snapshot_2026_09_06.json,0,0,63,63
73,crumpetime/sb-maps-las,sb-maps-las,crumpetime,muffintime,https://github.com/crumpetime,1,61,61,772,772,711,711,snapshot_2026_10_06.json,snapshot_2026_09_06.json,61,61,0,0
74,nzh0172/sb-malaysia-map-pack,sb-malaysia-map-pack,nzh0172,naz,https://github.com/nzh0172,1,60,60,623,623,563,563,snapshot_2026_10_06.json,snapshot_2026_09_06.json,60,60,0,0
75,lexenygma/sb-brussels,sb-brussels,lexenygma,lexenygma,https://github.com/lexenygma,1,53,53,174,174,121,121,snapshot_2026_10_06.json,snapshot_2026_09_06.json,53,53,0,0
76,bquelhas/subwaybuilder-map-opo,subwaybuilder-map-opo,bquelhas,bquelhas,https://github.com/bquelhas,1,52,52,925,925,873,873,snapshot_2026_10_06.json,snapshot_2026_09_06.json,52,52,0,0
77,m4d5hr1mp/sb-mods,SB-Mods,m4d5hr1mp,m4d5hr1mp,https://github.com/m4d5hr1mp,1,48,48,340,340,292,292,snapshot_2026_10_06.json,snapshot_2026_09_06.json,0,0,48,48
78,tesarzh/railyard,railyard,Tesarzh,Tesarzh,https://github.com/Tesarzh,1,47,47,290,290,243,243,snapshot_2026_10_06.json,snapshot_2026_09_06.json,0,0,47,47
79,worstboyinaustral1a/subway-builder-za,subway-builder-za,worstboyinaustral1a,worstboyinaustral1a,https://github.com/worstboyinaustral1a,1,46,46,410,410,364,364,snapshot_2026_10_06.json,snapshot_2026_09_06.json,46,46,0,0
80,jaytotheay/subwaybuilder-map,subwaybuilder-map,JayToTheAy,JayToTheAy,https://github.com/JayToTheAy,1,46,46,190,190,144,144,snapshot_2026_10_06.json,snapshot_2026_09_06.json,46,46,0,0
81,maxcheng95/mtr-trains-for-subway-builder,MTR-Trains-for-Subway-Builder,MaxCheng95,MaxCheng95,https://github.com/MaxCheng95,1,41,41,41,41,0,0,snapshot_2026_10_06.json,snapshot_2026_09_06.json,0,0,41,41
82,pierreggt/subway-builder-ankara,subway-builder-ankara,pierreggt,pierreggt,https://github.com/pierreggt,1,38,38,175,175,137,137,snapshot_2026_10_06.json,snapshot_2026_09_06.json,38,38,0,0
83,kimth9/sb_korean_transit_pack_v2,sb_korean_transit_pack_v2,budhakr,budhakr,https://github.com/budhakr,1,36,36,466,466,430,430,snapshot_2026_10_06.json,snapshot_2026_09_06.json,0,0,36,36
84,giannons46/sofia-subway-builder-map,sofia-subway-builder-map,giannons46,giannons46,https://github.com/giannons46,1,35,35,203,203,168,168,snapshot_2026_10_06.json,snapshot_2026_09_06.json,35,35,0,0
85,pierreggt/subway-builder-bordeaux,subway-builder-bordeaux,pierreggt,pierreggt,https://github.com/pierreggt,1,33,33,257,257,224,224,snapshot_2026_10_06.json,snapshot_2026_09_06.json,33,33,0,0
86,nerdiesanders/subway-builder-spi,subway-builder-spi,NerdieSanders,NerdieSanders,https://github.com/NerdieSanders,1,30,30,77,77,47,47,snapshot_2026_10_06.json,snapshot_2026_09_06.json,30,30,0,0
87,kaicardenas0618/chinese-trains,chinese-trains,kaicardenas0618,kaicardenas0618,https://github.com/kaicardenas0618,1,28,28,541,541,513,513,snapshot_2026_10_06.json,snapshot_2026_09_06.json,0,0,28,28
88,crumpetime/sb-maps-orf,sb-maps-orf,crumpetime,muffintime,https://github.com/crumpetime,1,27,27,343,343,316,316,snapshot_2026_10_06.json,snapshot_2026_09_06.json,27,27,0,0
89,pierreggt/subway-builder-nice,subway-builder-nice,pierreggt,pierreggt,https://github.com/pierreggt,1,26,26,231,231,205,205,snapshot_2026_10_06.json,snapshot_2026_09_06.json,26,26,0,0
90,barkuperman/anysave,AnySave,BarKuperman,BarKuperman,https://github.com/BarKuperman,1,26,26,138,138,112,112,snapshot_2026_10_06.json,snapshot_2026_09_06.json,0,0,26,26
91,maxcheng95/taiwanese-trains-for-subway-builder,Taiwanese-Trains-for-Subway-Builder,MaxCheng95,MaxCheng95,https://github.com/MaxCheng95,1,26,26,26,26,0,0,snapshot_2026_10_06.json,snapshot_2026_09_06.json,0,0,26,26
92,barkuperman/jerusalem-sb-map,jerusalem-sb-map,BarKuperman,BarKuperman,https://github.com/BarKuperman,1,25,24,301,300,276,276,snapshot_2026_10_06.json,snapshot_2026_09_06.json,25,24,0,0
93,nzh0172/sb-hideandseek,sb-hideandseek,nzh0172,naz,https://github.com/nzh0172,1,25,25,159,159,134,134,snapshot_2026_10_06.json,snapshot_2026_09_06.json,0,0,25,25
94,pierreggt/subway-builder-antalya,subway-builder-antalya,pierreggt,pierreggt,https://github.com/pierreggt,1,23,23,112,112,89,89,snapshot_2026_10_06.json,snapshot_2026_09_06.json,23,23,0,0
95,danield1909/improvedtwincities,improvedTwinCities,DanielD1909,DanielD1909,https://github.com/DanielD1909,1,20,20,509,509,489,489,snapshot_2026_10_06.json,snapshot_2026_09_06.json,20,20,0,0
96,kaicardenas0618/subway-builder-sfl,subway-builder-sfl,kaicardenas0618,kaicardenas0618,https://github.com/kaicardenas0618,1,20,20,463,463,443,443,snapshot_2026_10_06.json,snapshot_2026_09_06.json,20,20,0,0
97,jcpires/subway-builder-idf,subway-builder-idf,JcPires,JcPires,https://github.com/JcPires,1,19,19,110,110,91,91,snapshot_2026_10_06.json,snapshot_2026_09_06.json,19,19,0,0
98,seanyushoumori/copy-paste,copy-paste,seanyushoumori,seanyushoumori,https://github.com/seanyushoumori,1,18,18,216,216,198,198,snapshot_2026_10_06.json,snapshot_2026_09_06.json,0,0,18,18
99,transitcore/cinematic-camera,cinematic-camera,TransitCore,TransitCore,https://github.com/TransitCore,1,16,16,633,633,617,617,snapshot_2026_10_06.json,snapshot_2026_09_06.json,0,0,16,16
100,pswbsf/charleston-huntington-wv,charleston-huntington-wv,PSWBSF,Potato Spaghetti Water Balloon Space Federation,https://youtu.be/dQw4w9WgXcQ?t=0,1,16,16,293,293,277,277,snapshot_2026_10_06.json,snapshot_2026_09_06.json,16,16,0,0
101,kimth9/sb_korean_map_pack,sb_korean_map_pack,budhakr,budhakr,https://github.com/budhakr,10,14,14,2845,2845,2831,2831,snapshot_2026_10_06.json,snapshot_2026_09_06.json,14,14,0,0
102,tathandev/tathancasino,TathanCasino,TathanDev,TathanDev,https://github.com/TathanDev,1,9,9,221,221,212,212,snapshot_2026_10_06.json,snapshot_2026_09_06.json,0,0,9,9
103,crumpetime/sb-maps-rsw,sb-maps-rsw,crumpetime,muffintime,https://github.com/crumpetime,1,9,9,82,82,73,73,snapshot_2026_10_06.json,snapshot_2026_09_06.json,9,9,0,0
104,rslurry/subwaybuilder-pauseonstart,subwaybuilder-pauseOnStart,rslurry,slurry,https://github.com/rslurry,1,8,8,233,233,225,225,snapshot_2026_10_06.json,snapshot_2026_09_06.json,0,0,8,8
105,crumpetime/sb-maps-msy,sb-maps-msy,crumpetime,muffintime,https://github.com/crumpetime,1,6,6,261,261,255,255,snapshot_2026_10_06.json,snapshot_2026_09_06.json,6,6,0,0
106,nzh0172/sb-malaysia-map-pack-2,sb-malaysia-map-pack-2,nzh0172,naz,https://github.com/nzh0172,3,6,6,228,228,222,222,snapshot_2026_10_06.json,snapshot_2026_09_06.json,6,6,0,0
107,phineapoo/willamette-valley-or,Willamette-Valley-OR,Phineapoo,Phineapoo,https://github.com/Phineapoo,1,3,3,157,157,154,154,snapshot_2026_10_06.json,snapshot_2026_09_06.json,3,3,0,0
108,bean1322/toledo-oh-map.git,toledo-oh-map.git,bean1322,bean1322,https://github.com/bean1322,1,3,3,92,92,89,89,snapshot_2026_10_06.json,snapshot_2026_09_06.json,3,3,0,0
109,bean1322/akron-oh-map,akron-oh-map,bean1322,bean1322,https://github.com/bean1322,1,3,3,91,91,88,88,snapshot_2026_10_06.json,snapshot_2026_09_06.json,3,3,0,0
110,pswbsf/connecticut-usa,connecticut-usa,PSWBSF,Potato Spaghetti Water Balloon Space Federation,https://youtu.be/dQw4w9WgXcQ?t=0,1,2,2,191,191,189,189,snapshot_2026_10_06.json,snapshot_2026_09_06.json,2,2,0,0
111,pswbsf/buffalo-ny,buffalo-ny,PSWBSF,Potato Spaghetti Water Balloon Space Federation,https://youtu.be/dQw4w9WgXcQ?t=0,1,2,0,189,187,187,187,snapshot_2026_10_06.json,snapshot_2026_09_06.json,2,0,0,0
112,pswbsf/charleston-sc,charleston-sc,PSWBSF,Potato Spaghetti Water Balloon Space Federation,https://youtu.be/dQw4w9WgXcQ?t=0,1,2,2,151,151,149,149,snapshot_2026_10_06.json,snapshot_2026_09_06.json,2,2,0,0
113,crumpetime/sb-maps-rdu,sb-maps-rdu,crumpetime,muffintime,https://github.com/crumpetime,1,2,2,142,142,140,140,snapshot_2026_10_06.json,snapshot_2026_09_06.json,2,2,0,0
114,pswbsf/syracuse-ny,syracuse-ny,PSWBSF,Potato Spaghetti Water Balloon Space Federation,https://youtu.be/dQw4w9WgXcQ?t=0,1,2,2,104,104,102,102,snapshot_2026_10_06.json,snapshot_2026_09_06.json,2,2,0,0
115,luu8358/conceptrains,conceptrains,luu8358,luu8358,https://github.com/luu8358,1,2,2,2,2,0,0,snapshot_2026_10_06.json,snapshot_2026_09_06.json,0,0,2,2
116,kronifer/sb-glasgow-edinburgh-map,sb-glasgow-edinburgh-map,Kronifer,Kronifer,https://github.com/Kronifer,1,1,1,1037,1037,1036,1036,snapshot_2026_10_06.json,snapshot_2026_09_06.json,1,1,0,0
117,nzh0172/sb-bangkok,sb-bangkok,nzh0172,naz,https://github.com/nzh0172,1,1,1,383,383,382,382,snapshot_2026_10_06.json,snapshot_2026_09_06.json,1,1,0,0
118,lechicken-nyc/greater-new-york,greater-new-york,chasemanning040911-afk,lechicken,https://github.com/chasemanning040911-afk,1,1,1,380,380,379,379,snapshot_2026_10_06.json,snapshot_2026_09_06.json,1,1,0,0
119,metatablestudios/subwaybuilder-romania,subwaybuilder-romania,metatablestudios,metatablestudios,https://github.com/metatablestudios,1,1,1,314,314,313,313,snapshot_2026_10_06.json,snapshot_2026_09_06.json,1,1,0,0
120,stefanorigano/advanced_analytics,advanced_analytics,stefanorigano,Steno,https://github.com/stefanorigano,1,0,0,13939,13939,13939,13939,snapshot_2026_10_06.json,snapshot_2026_09_06.json,0,0,0,0
121,danield1909/dantrains,danTrains,DanielD1909,DanielD1909,https://github.com/DanielD1909,1,0,0,2300,2300,2300,2300,snapshot_2026_10_06.json,snapshot_2026_09_06.json,0,0,0,0
122,imb11/move-it,move-it,IMB11,IMB11,https://github.com/IMB11,1,0,0,1231,1231,1231,1231,snapshot_2026_10_06.json,snapshot_2026_09_06.json,0,0,0,0
123,kaicardenas0618/subway-builder-peru,subway-builder-peru,kaicardenas0618,kaicardenas0618,https://github.com/kaicardenas0618,9,0,0,773,773,773,773,snapshot_2026_10_06.json,snapshot_2026_09_06.json,0,0,0,0
124,kronifer/sb-dublin-map,sb-dublin-map,Kronifer,Kronifer,https://github.com/Kronifer,1,0,0,608,608,608,608,snapshot_2026_10_06.json,snapshot_2026_09_06.json,0,0,0,0
125,crumpetime/sb-maps-msn,sb-maps-msn,crumpetime,muffintime,https://github.com/crumpetime,1,0,0,361,361,361,361,snapshot_2026_10_06.json,snapshot_2026_09_06.json,0,0,0,0
126,soccerjonj/daytonnati,Daytonnati,soccerjonj,soccerjonj,https://github.com/soccerjonj,1,0,0,355,355,355,355,snapshot_2026_10_06.json,snapshot_2026_09_06.json,0,0,0,0
127,soccerjonj/providence,Providence,soccerjonj,soccerjonj,https://github.com/soccerjonj,1,0,0,239,239,239,239,snapshot_2026_10_06.json,snapshot_2026_09_06.json,0,0,0,0
128,soccerjonj/sacramento,Sacramento,soccerjonj,soccerjonj,https://github.com/soccerjonj,1,0,0,234,234,234,234,snapshot_2026_10_06.json,snapshot_2026_09_06.json,0,0,0,0
129,pswbsf/anchorage-ak,anchorage-ak,PSWBSF,Potato Spaghetti Water Balloon Space Federation,https://youtu.be/dQw4w9WgXcQ?t=0,1,0,0,229,229,229,229,snapshot_2026_10_06.json,snapshot_2026_09_06.json,0,0,0,0
130,soccerjonj/albany,Albany,soccerjonj,soccerjonj,https://github.com/soccerjonj,1,0,0,228,228,228,228,snapshot_2026_10_06.json,snapshot_2026_09_06.json,0,0,0,0
131,soccerjonj/nashville,Nashville,soccerjonj,soccerjonj,https://github.com/soccerjonj,1,0,0,225,225,225,225,snapshot_2026_10_06.json,snapshot_2026_09_06.json,0,0,0,0
132,kronifer/sb-waterloo-map,sb-waterloo-map,Kronifer,Kronifer,https://github.com/Kronifer,1,0,0,186,186,186,186,snapshot_2026_10_06.json,snapshot_2026_09_06.json,0,0,0,0
133,soccerjonj/colorado-ski-country,Colorado-Ski-Country,soccerjonj,soccerjonj,https://github.com/soccerjonj,1,0,0,186,186,186,186,snapshot_2026_10_06.json,snapshot_2026_09_06.json,0,0,0,0
134,soccerjonj/louisville,Louisville,soccerjonj,soccerjonj,https://github.com/soccerjonj,1,0,0,181,181,181,181,snapshot_2026_10_06.json,snapshot_2026_09_06.json,0,0,0,0
135,pswbsf/pyongyang-nk,pyongyang-nk,PSWBSF,Potato Spaghetti Water Balloon Space Federation,https://youtu.be/dQw4w9WgXcQ?t=0,1,0,0,158,158,158,158,snapshot_2026_10_06.json,snapshot_2026_09_06.json,0,0,0,0
136,crumpetime/sb-maps-xna,sb-maps-xna,crumpetime,muffintime,https://github.com/crumpetime,1,0,0,156,156,156,156,snapshot_2026_10_06.json,snapshot_2026_09_06.json,0,0,0,0
137,pswbsf/piedmont-triad,piedmont-triad,PSWBSF,Potato Spaghetti Water Balloon Space Federation,https://youtu.be/dQw4w9WgXcQ?t=0,1,0,0,149,149,149,149,snapshot_2026_10_06.json,snapshot_2026_09_06.json,0,0,0,0
138,pswbsf/wilmington-nc,wilmington-nc,PSWBSF,Potato Spaghetti Water Balloon Space Federation,https://youtu.be/dQw4w9WgXcQ?t=0,1,0,0,135,135,135,135,snapshot_2026_10_06.json,snapshot_2026_09_06.json,0,0,0,0
139,pswbsf/dayton-oh,dayton-oh,PSWBSF,Potato Spaghetti Water Balloon Space Federation,https://youtu.be/dQw4w9WgXcQ?t=0,1,0,0,116,116,116,116,snapshot_2026_10_06.json,snapshot_2026_09_06.json,0,0,0,0
140,pierreggt/subway-builder-montpellier,subway-builder-montpellier,pierreggt,pierreggt,https://github.com/pierreggt,1,0,0,110,110,110,110,snapshot_2026_10_06.json,snapshot_2026_09_06.json,0,0,0,0
141,imb11/subwaycine,SubwayCine,IMB11,IMB11,https://github.com/IMB11,1,0,0,31,31,31,31,snapshot_2026_10_06.json,snapshot_2026_09_06.json,0,0,0,0
142,matematysek/prospector,Prospector,matematysek,matematysek,https://github.com/matematysek,1,0,0,23,23,23,23,snapshot_2026_10_06.json,snapshot_2026_09_06.json,0,0,0,0
143,subway-builder-modded/registry,registry,subway-builder-modded-admin,Subway Builder Modded,https://subwaybuildermodded.com,2,0,0,0,0,0,0,snapshot_2026_10_06.json,snapshot_2026_09_06.json,0,0,0,0
