rank,project_key,project_name,author,author_alias,attribution_link,listing_count,total_downloads,adjusted_total_downloads,latest_snapshot
1,ahkimn/subwaybuilder-jp-maps,subwaybuilder-jp-maps,ahkimn,Yukina-,https://subwaybuildermodded.com/credits,48,23617,23617,snapshot_2026_10_02.json
2,ahkimn/subwaybuilder-eu-maps,subwaybuilder-eu-maps,ahkimn,Yukina-,https://subwaybuildermodded.com/credits,85,23009,23009,snapshot_2026_10_02.json
3,rslurry/subwaybuilder-maps,subwaybuilder-maps,rslurry,slurry,https://github.com/rslurry,33,20967,20967,snapshot_2026_10_02.json
4,stefanorigano/advanced_analytics,advanced_analytics,stefanorigano,Steno,https://github.com/stefanorigano,1,13939,13939,snapshot_2026_10_02.json
5,devenperez/subway-builder-canadian-maps,subway-builder-canadian-maps,subway-builder-modded-admin,Subway Builder Modded,https://subwaybuildermodded.com,8,11775,11775,snapshot_2026_10_02.json
6,crumpetime/subway_builder_distance_circles,subway_builder_distance_circles,crumpetime,muffintime,https://github.com/crumpetime,1,8569,8569,snapshot_2026_10_02.json
7,kronifer/sb-chinese-maps,sb-chinese-maps,Kronifer,Kronifer,https://github.com/Kronifer,6,6892,6892,snapshot_2026_10_02.json
8,martig7/improved-schematics,Improved-Schematics,martig7,martig7,https://github.com/martig7,1,6393,6393,snapshot_2026_10_02.json
9,budhakr/sb_korean_map_pack,sb_korean_map_pack,budhakr,budhakr,https://github.com/budhakr,16,6381,6381,snapshot_2026_10_02.json
10,barkuperman/transit-overlay-subway-builder-mod,transit-overlay-subway-builder-mod,BarKuperman,BarKuperman,https://github.com/BarKuperman,1,5765,5765,snapshot_2026_10_02.json
11,ahkimn/subwaybuilder-regions,subwaybuilder-regions,ahkimn,Yukina-,https://subwaybuildermodded.com/credits,1,5615,5615,snapshot_2026_10_02.json
12,valdotorium/railyard-maps-2,Railyard-Maps-2,Valdotorium,Valdotorium,https://github.com/Valdotorium,4,5508,5508,snapshot_2026_10_02.json
13,maximilian284/subwaybuilder-it-maps,subwaybuilder-it-maps,Maximilian284,max02,https://github.com/Maximilian284,14,5232,5232,snapshot_2026_10_02.json
14,maximilian284/subwaybuilder-es-maps,subwaybuilder-es-maps,Maximilian284,max02,https://github.com/Maximilian284,7,5204,5204,snapshot_2026_10_02.json
15,ahkimn/subwaybuilder-tw-maps,subwaybuilder-tw-maps,ahkimn,Yukina-,https://subwaybuildermodded.com/credits,9,4928,4928,snapshot_2026_10_02.json
16,ryandicicco/subway-builder-maps,Subway-Builder-Maps,ryandicicco,ryandicicco,https://github.com/ryandicicco,8,4862,4862,snapshot_2026_10_02.json
17,pierreggt/subwaybuilder-maps-france,subwaybuilder-maps-france,pierreggt,pierreggt,https://github.com/pierreggt,35,4751,4751,snapshot_2026_10_02.json
18,martig7/induced-demand,Induced-Demand,martig7,martig7,https://github.com/martig7,1,4477,4477,snapshot_2026_10_02.json
19,valdotorium/valdotoriums_trains,Valdotoriums_Trains,Valdotorium,Valdotorium,https://github.com/Valdotorium,1,4022,4022,snapshot_2026_10_02.json
20,bobby-047/some-new-trains,Some-new-Trains,Bobby-047,Bobby-047,https://github.com/Bobby-047,1,3852,3852,snapshot_2026_10_02.json
21,jelegend/subwaybuilder,subwaybuilder,jelegend,jelegend,https://github.com/jelegend,1,3832,3832,snapshot_2026_10_02.json
22,nzh0172/sb-station-dots,sb-station-dots,nzh0172,naz,https://github.com/nzh0172,1,3419,3419,snapshot_2026_10_02.json
23,crumpetime/sb-maps-hkg,sb-maps-hkg,crumpetime,muffintime,https://github.com/crumpetime,1,3193,3193,snapshot_2026_10_02.json
24,valdotorium/network-status,network-status,Valdotorium,Valdotorium,https://github.com/Valdotorium,1,3096,3096,snapshot_2026_10_02.json
25,barkuperman/subwaybuilder-au-nz-maps,subwaybuilder-au-nz-maps,subway-builder-modded-admin,Subway Builder Modded,https://subwaybuildermodded.com,9,3095,3095,snapshot_2026_10_02.json
26,gio1112/subway-builder-citymapper,subway-builder-citymapper,Gio1112,giorgiodabest,https://giorgio.is-a.dev/,1,2887,2887,snapshot_2026_10_02.json
27,kimth9/sb_korean_map_pack,sb_korean_map_pack,budhakr,budhakr,https://github.com/budhakr,10,2845,2845,snapshot_2026_10_02.json
28,valdotorium/speed-mod,speed-mod,Valdotorium,Valdotorium,https://github.com/Valdotorium,1,2716,2716,snapshot_2026_10_02.json
29,hsullivan1201/sb-tod,sb-tod,hsullivan1201,hsullivan1201,https://github.com/hsullivan1201,1,2715,2715,snapshot_2026_10_02.json
30,seanyushoumori/track-visualizer,track-visualizer,seanyushoumori,seanyushoumori,https://github.com/seanyushoumori,1,2691,2691,snapshot_2026_10_02.json
31,nzh0172/sb-anymoney,sb-anymoney,nzh0172,naz,https://github.com/nzh0172,1,2597,2597,snapshot_2026_10_02.json
32,barkuperman/orbital-surveyor,orbital-surveyor,BarKuperman,BarKuperman,https://github.com/BarKuperman,1,2474,2474,snapshot_2026_10_02.json
33,pendulating/neighborhood-station-names,neighborhood-station-names,pendulating,pendulating,https://github.com/pendulating,1,2438,2438,snapshot_2026_10_02.json
34,kaicardenas0618/japanese-trains,japanese-trains,kaicardenas0618,kaicardenas0618,https://github.com/kaicardenas0618,1,2435,2435,snapshot_2026_10_02.json
35,danield1909/dantrains,danTrains,DanielD1909,DanielD1909,https://github.com/DanielD1909,1,2300,2300,snapshot_2026_10_02.json
36,kronifer/sb-zurich-map,sb-zurich-map,Kronifer,Kronifer,https://github.com/Kronifer,1,2270,2270,snapshot_2026_10_02.json
37,pierreggt/subwaybuilder-maps-deutschland,subwaybuilder-maps-deutschland,pierreggt,pierreggt,https://github.com/pierreggt,20,2193,2193,snapshot_2026_10_02.json
38,seanyushoumori/track-anarchy,track-anarchy,seanyushoumori,seanyushoumori,https://github.com/seanyushoumori,1,2037,2037,snapshot_2026_10_02.json
39,rslurry/subwaybuilder-missedconnections,subwaybuilder-missedConnections,rslurry,slurry,https://github.com/rslurry,1,2029,2029,snapshot_2026_10_02.json
40,mpfk/subway-builder-mode-manager,subway-builder-mode-manager,Mpfk,Mpfk,https://github.com/Mpfk,1,1982,1982,snapshot_2026_10_02.json
41,seanyushoumori/scrollable-dropdowns,scrollable-dropdowns,seanyushoumori,seanyushoumori,https://github.com/seanyushoumori,1,1827,1827,snapshot_2026_10_02.json
42,willbarouch/subwaybuilder-sydney,subwaybuilder-sydney,WillBarouch,WillBarouch,https://github.com/WillBarouch,1,1799,1799,snapshot_2026_10_02.json
43,roquerodrigo/subway-builder-auto-lines,subway-builder-auto-lines,roquerodrigo,roquerodrigo,https://github.com/roquerodrigo,1,1626,1626,snapshot_2026_10_02.json
44,rexmhall09/subway-builder-performance-mod,Subway-Builder-Performance-Mod,rexmhall09,rexmhall09,https://github.com/rexmhall09,1,1439,1439,snapshot_2026_10_02.json
45,roquerodrigo/subway-builder-map-markers,subway-builder-map-markers,roquerodrigo,roquerodrigo,https://github.com/roquerodrigo,1,1257,1257,snapshot_2026_10_02.json
46,imb11/move-it,move-it,IMB11,IMB11,https://github.com/IMB11,1,1231,1231,snapshot_2026_10_02.json
47,kaicardenas0618/lrt-trains,lrt-trains,kaicardenas0618,kaicardenas0618,https://github.com/kaicardenas0618,1,1180,1180,snapshot_2026_10_02.json
48,pierreggt/subwaybuilder-maps,subwaybuilder-maps,pierreggt,pierreggt,https://github.com/pierreggt,16,1172,1172,snapshot_2026_10_02.json
49,danield1909/dantrains-abridged,dantrains-abridged,DanielD1909,DanielD1909,https://github.com/DanielD1909,1,1069,1069,snapshot_2026_10_02.json
50,nerdiesanders/subway-builder-gchi,subway-builder-gchi,NerdieSanders,NerdieSanders,https://github.com/NerdieSanders,1,1044,1044,snapshot_2026_10_02.json
51,kronifer/sb-glasgow-edinburgh-map,sb-glasgow-edinburgh-map,Kronifer,Kronifer,https://github.com/Kronifer,1,1037,1037,snapshot_2026_10_02.json
52,transitcore/satellite-overview,Satellite-Overview,TransitCore,TransitCore,https://github.com/TransitCore,1,960,960,snapshot_2026_10_02.json
53,bquelhas/subwaybuilder-map-opo,subwaybuilder-map-opo,bquelhas,bquelhas,https://github.com/bquelhas,1,921,921,snapshot_2026_10_02.json
54,crumpetime/sb-maps-las,sb-maps-las,crumpetime,muffintime,https://github.com/crumpetime,1,813,813,snapshot_2026_10_02.json
55,barkuperman/tlv-mod,TLV-mod,BarKuperman,BarKuperman,https://github.com/BarKuperman,1,808,808,snapshot_2026_10_02.json
56,kaicardenas0618/subway-builder-peru,subway-builder-peru,kaicardenas0618,kaicardenas0618,https://github.com/kaicardenas0618,9,773,773,snapshot_2026_10_02.json
57,transitcore/cinematic-camera,cinematic-camera,TransitCore,TransitCore,https://github.com/TransitCore,1,632,632,snapshot_2026_10_02.json
58,rmerr1/sb-vienna-map,sb-vienna-map,Rmerr1,Rmerr1,https://github.com/Rmerr1,1,629,629,snapshot_2026_10_02.json
59,noahgarrf/upzoned-transit,Upzoned-Transit,NoahGarrf,NoahGarrf,https://github.com/NoahGarrf,1,622,622,snapshot_2026_10_02.json
60,nzh0172/sb-malaysia-map-pack,sb-malaysia-map-pack,nzh0172,naz,https://github.com/nzh0172,1,618,618,snapshot_2026_10_02.json
61,kronifer/sb-dublin-map,sb-dublin-map,Kronifer,Kronifer,https://github.com/Kronifer,1,608,608,snapshot_2026_10_02.json
62,pierreggt/subway-builder-istanbul,subway-builder-istanbul,pierreggt,pierreggt,https://github.com/pierreggt,1,606,606,snapshot_2026_10_02.json
63,kaicardenas0618/chinese-trains,chinese-trains,kaicardenas0618,kaicardenas0618,https://github.com/kaicardenas0618,1,536,536,snapshot_2026_10_02.json
64,danield1909/improvedtwincities,improvedTwinCities,DanielD1909,DanielD1909,https://github.com/DanielD1909,1,509,509,snapshot_2026_10_02.json
65,danielloong714/intercity-hsr-trains,intercity-hsr-trains,danielloong714,danielloong714,https://github.com/danielloong714,1,503,503,snapshot_2026_10_02.json
66,cromstar/subwaybuilder-seoul-map,subwaybuilder-seoul-map,cromstar,cromstar,https://github.com/cromstar,1,478,478,snapshot_2026_10_02.json
67,kaicardenas0618/subway-builder-sfl,subway-builder-sfl,kaicardenas0618,kaicardenas0618,https://github.com/kaicardenas0618,1,462,462,snapshot_2026_10_02.json
68,kimth9/sb_korean_transit_pack_v2,sb_korean_transit_pack_v2,budhakr,budhakr,https://github.com/budhakr,1,461,461,snapshot_2026_10_02.json
69,seanyushoumori/train-anarchy,train-anarchy,seanyushoumori,seanyushoumori,https://github.com/seanyushoumori,1,454,454,snapshot_2026_10_02.json
70,worstboyinaustral1a/subway-builder-za,subway-builder-za,worstboyinaustral1a,worstboyinaustral1a,https://github.com/worstboyinaustral1a,1,405,405,snapshot_2026_10_02.json
71,akospanov/subwaybuildermaps-russia,subwaybuildermaps-russia,akospanov,akospanov,https://github.com/akospanov,1,387,387,snapshot_2026_10_02.json
72,hernang87/amba-buenos-aires-metropolitan-area-for-subway-builder,AMBA-Buenos-Aires-Metropolitan-Area-for-Subway-Builder,hernang87,hernang87,https://github.com/hernang87,1,384,384,snapshot_2026_10_02.json
73,nzh0172/sb-bangkok,sb-bangkok,nzh0172,naz,https://github.com/nzh0172,1,383,383,snapshot_2026_10_02.json
74,lechicken-nyc/greater-new-york,greater-new-york,chasemanning040911-afk,lechicken,https://github.com/chasemanning040911-afk,1,380,380,snapshot_2026_10_02.json
75,barkuperman/jerusalem-sb-map,jerusalem-sb-map,BarKuperman,BarKuperman,https://github.com/BarKuperman,1,365,365,snapshot_2026_10_02.json
76,crumpetime/sb-maps-msn,sb-maps-msn,crumpetime,muffintime,https://github.com/crumpetime,1,361,361,snapshot_2026_10_02.json
77,soccerjonj/daytonnati,Daytonnati,soccerjonj,soccerjonj,https://github.com/soccerjonj,1,355,355,snapshot_2026_10_02.json
78,arniber21/dantrains-abridged,dantrains-abridged,arniber21,arniber21,https://github.com/arniber21,1,353,353,snapshot_2026_10_02.json
79,crumpetime/sb-maps-orf,sb-maps-orf,crumpetime,muffintime,https://github.com/crumpetime,1,342,342,snapshot_2026_10_02.json
80,danield1909/pathfinding-realism-mod,Pathfinding-Realism-Mod,DanielD1909,DanielD1909,https://github.com/DanielD1909,1,339,339,snapshot_2026_10_02.json
81,zaschrona/demand-developer,demand-developer,Zaschrona,Zaschrona,https://github.com/Zaschrona,1,338,338,snapshot_2026_10_02.json
82,m4d5hr1mp/sb-mods,SB-Mods,m4d5hr1mp,m4d5hr1mp,https://github.com/m4d5hr1mp,1,336,336,snapshot_2026_10_02.json
83,meszier83/subway-builder-mexico-maps,subway-builder-mexico-maps,Meszier83,Meszier83,https://github.com/Meszier83,1,336,336,snapshot_2026_10_02.json
84,metatablestudios/subwaybuilder-romania,subwaybuilder-romania,metatablestudios,metatablestudios,https://github.com/metatablestudios,1,314,314,snapshot_2026_10_02.json
85,pswbsf/charleston-huntington-wv,charleston-huntington-wv,PSWBSF,Potato Spaghetti Water Balloon Space Federation,https://youtu.be/dQw4w9WgXcQ?t=0,1,293,293,snapshot_2026_10_02.json
86,tesarzh/railyard,railyard,Tesarzh,Tesarzh,https://github.com/Tesarzh,1,284,284,snapshot_2026_10_02.json
87,prodigious-penguin/penguin-approved-rolling-stock,Penguin-Approved-Rolling-Stock,prodigious-penguin,prodigious-penguin,https://github.com/prodigious-penguin,1,262,262,snapshot_2026_10_02.json
88,crumpetime/sb-maps-msy,sb-maps-msy,crumpetime,muffintime,https://github.com/crumpetime,1,261,261,snapshot_2026_10_02.json
89,pierreggt/subway-builder-bordeaux,subway-builder-bordeaux,pierreggt,pierreggt,https://github.com/pierreggt,1,254,254,snapshot_2026_10_02.json
90,soccerjonj/providence,Providence,soccerjonj,soccerjonj,https://github.com/soccerjonj,1,239,239,snapshot_2026_10_02.json
91,soccerjonj/sacramento,Sacramento,soccerjonj,soccerjonj,https://github.com/soccerjonj,1,234,234,snapshot_2026_10_02.json
92,rslurry/subwaybuilder-pauseonstart,subwaybuilder-pauseOnStart,rslurry,slurry,https://github.com/rslurry,1,233,233,snapshot_2026_10_02.json
93,pierreggt/subway-builder-nice,subway-builder-nice,pierreggt,pierreggt,https://github.com/pierreggt,1,229,229,snapshot_2026_10_02.json
94,pswbsf/anchorage-ak,anchorage-ak,PSWBSF,Potato Spaghetti Water Balloon Space Federation,https://youtu.be/dQw4w9WgXcQ?t=0,1,229,229,snapshot_2026_10_02.json
95,nzh0172/sb-malaysia-map-pack-2,sb-malaysia-map-pack-2,nzh0172,naz,https://github.com/nzh0172,3,228,228,snapshot_2026_10_02.json
96,soccerjonj/albany,Albany,soccerjonj,soccerjonj,https://github.com/soccerjonj,1,228,228,snapshot_2026_10_02.json
97,soccerjonj/nashville,Nashville,soccerjonj,soccerjonj,https://github.com/soccerjonj,1,225,225,snapshot_2026_10_02.json
98,tathandev/tathancasino,TathanCasino,TathanDev,TathanDev,https://github.com/TathanDev,1,221,221,snapshot_2026_10_02.json
99,jguylherme/rio_metro,rio_metro,JGuylherme,JGuylherme,https://github.com/JGuylherme,1,220,220,snapshot_2026_10_02.json
100,seanyushoumori/copy-paste,copy-paste,seanyushoumori,seanyushoumori,https://github.com/seanyushoumori,1,216,216,snapshot_2026_10_02.json
101,xoaninc/madrid-transit-pack,madrid-transit-pack,xoaninc,xoaninc,https://github.com/xoaninc,1,215,215,snapshot_2026_10_02.json
102,noahgarrf/great-society-subway-train,Great-Society-Subway-Train,NoahGarrf,NoahGarrf,https://github.com/NoahGarrf,1,214,214,snapshot_2026_10_02.json
103,patchbaywizard/subway-builder-time-boost,subway-builder-time-boost,patchbaywizard,patchbaywizard,https://github.com/patchbaywizard,1,205,205,snapshot_2026_10_02.json
104,giannons46/sofia-subway-builder-map,sofia-subway-builder-map,giannons46,giannons46,https://github.com/giannons46,1,198,198,snapshot_2026_10_02.json
105,pswbsf/connecticut-usa,connecticut-usa,PSWBSF,Potato Spaghetti Water Balloon Space Federation,https://youtu.be/dQw4w9WgXcQ?t=0,1,191,191,snapshot_2026_10_02.json
106,pswbsf/buffalo-ny,buffalo-ny,PSWBSF,Potato Spaghetti Water Balloon Space Federation,https://youtu.be/dQw4w9WgXcQ?t=0,1,189,187,snapshot_2026_10_02.json
107,jaytotheay/subwaybuilder-map,subwaybuilder-map,JayToTheAy,JayToTheAy,https://github.com/JayToTheAy,1,187,187,snapshot_2026_10_02.json
108,kronifer/sb-waterloo-map,sb-waterloo-map,Kronifer,Kronifer,https://github.com/Kronifer,1,186,186,snapshot_2026_10_02.json
109,soccerjonj/colorado-ski-country,Colorado-Ski-Country,soccerjonj,soccerjonj,https://github.com/soccerjonj,1,186,186,snapshot_2026_10_02.json
110,soccerjonj/louisville,Louisville,soccerjonj,soccerjonj,https://github.com/soccerjonj,1,181,181,snapshot_2026_10_02.json
111,pierreggt/subway-builder-ankara,subway-builder-ankara,pierreggt,pierreggt,https://github.com/pierreggt,1,173,173,snapshot_2026_10_02.json
112,lexenygma/sb-brussels,sb-brussels,lexenygma,lexenygma,https://github.com/lexenygma,1,171,171,snapshot_2026_10_02.json
113,pswbsf/pyongyang-nk,pyongyang-nk,PSWBSF,Potato Spaghetti Water Balloon Space Federation,https://youtu.be/dQw4w9WgXcQ?t=0,1,158,158,snapshot_2026_10_02.json
114,phineapoo/willamette-valley-or,Willamette-Valley-OR,Phineapoo,Phineapoo,https://github.com/Phineapoo,1,157,157,snapshot_2026_10_02.json
115,crumpetime/sb-maps-xna,sb-maps-xna,crumpetime,muffintime,https://github.com/crumpetime,1,156,156,snapshot_2026_10_02.json
116,holapapie-png/subwaybuilder-gran-santiago,subwaybuilder-gran-santiago,holapapie-png,holapapie-png,https://github.com/holapapie-png,1,155,155,snapshot_2026_10_02.json
117,nzh0172/sb-hideandseek,sb-hideandseek,nzh0172,naz,https://github.com/nzh0172,1,154,154,snapshot_2026_10_02.json
118,pswbsf/charleston-sc,charleston-sc,PSWBSF,Potato Spaghetti Water Balloon Space Federation,https://youtu.be/dQw4w9WgXcQ?t=0,1,151,151,snapshot_2026_10_02.json
119,pswbsf/piedmont-triad,piedmont-triad,PSWBSF,Potato Spaghetti Water Balloon Space Federation,https://youtu.be/dQw4w9WgXcQ?t=0,1,149,149,snapshot_2026_10_02.json
120,crumpetime/sb-maps-rdu,sb-maps-rdu,crumpetime,muffintime,https://github.com/crumpetime,1,142,142,snapshot_2026_10_02.json
121,barkuperman/anysave,AnySave,BarKuperman,BarKuperman,https://github.com/BarKuperman,1,136,136,snapshot_2026_10_02.json
122,pswbsf/wilmington-nc,wilmington-nc,PSWBSF,Potato Spaghetti Water Balloon Space Federation,https://youtu.be/dQw4w9WgXcQ?t=0,1,135,135,snapshot_2026_10_02.json
123,noahgarrf/la-metro-trainpack,la-metro-trainpack,NoahGarrf,NoahGarrf,https://github.com/NoahGarrf,1,127,127,snapshot_2026_10_02.json
124,holapapie-png/subwaybuilder-chile-central,subwaybuilder-chile-central,holapapie-png,holapapie-png,https://github.com/holapapie-png,1,122,122,snapshot_2026_10_02.json
125,noahgarrf/unrusted-an-alternate-rust-belt,Unrusted-An-Alternate-Rust-Belt,NoahGarrf,NoahGarrf,https://github.com/NoahGarrf,1,122,122,snapshot_2026_10_02.json
126,pswbsf/dayton-oh,dayton-oh,PSWBSF,Potato Spaghetti Water Balloon Space Federation,https://youtu.be/dQw4w9WgXcQ?t=0,1,116,116,snapshot_2026_10_02.json
127,pierreggt/subway-builder-montpellier,subway-builder-montpellier,pierreggt,pierreggt,https://github.com/pierreggt,1,110,110,snapshot_2026_10_02.json
128,pierreggt/subway-builder-antalya,subway-builder-antalya,pierreggt,pierreggt,https://github.com/pierreggt,1,109,109,snapshot_2026_10_02.json
129,jcpires/subway-builder-idf,subway-builder-idf,JcPires,JcPires,https://github.com/JcPires,1,108,108,snapshot_2026_10_02.json
130,pswbsf/syracuse-ny,syracuse-ny,PSWBSF,Potato Spaghetti Water Balloon Space Federation,https://youtu.be/dQw4w9WgXcQ?t=0,1,104,104,snapshot_2026_10_02.json
131,noahgarrf/unrusted-chicago,unrusted-chicago,NoahGarrf,NoahGarrf,https://github.com/NoahGarrf,1,102,102,snapshot_2026_10_02.json
132,noahgarrf/larp-builder,Larp-Builder,NoahGarrf,NoahGarrf,https://github.com/NoahGarrf,1,96,96,snapshot_2026_10_02.json
133,bean1322/toledo-oh-map.git,toledo-oh-map.git,bean1322,bean1322,https://github.com/bean1322,1,92,92,snapshot_2026_10_02.json
134,bean1322/akron-oh-map,akron-oh-map,bean1322,bean1322,https://github.com/bean1322,1,91,91,snapshot_2026_10_02.json
135,crumpetime/sb-maps-rsw,sb-maps-rsw,crumpetime,muffintime,https://github.com/crumpetime,1,80,80,snapshot_2026_10_02.json
136,nerdiesanders/subway-builder-spi,subway-builder-spi,NerdieSanders,NerdieSanders,https://github.com/NerdieSanders,1,75,75,snapshot_2026_10_02.json
137,noahgarrf/unrusted-detroit,unrusted-detroit,NoahGarrf,NoahGarrf,https://github.com/NoahGarrf,1,62,62,snapshot_2026_10_02.json
138,maxcheng95/mtr-trains-for-subway-builder,MTR-Trains-for-Subway-Builder,MaxCheng95,MaxCheng95,https://github.com/MaxCheng95,1,36,36,snapshot_2026_10_02.json
139,imb11/subwaycine,SubwayCine,IMB11,IMB11,https://github.com/IMB11,1,31,31,snapshot_2026_10_02.json
140,maxcheng95/taiwanese-trains-for-subway-builder,Taiwanese-Trains-for-Subway-Builder,MaxCheng95,MaxCheng95,https://github.com/MaxCheng95,1,24,24,snapshot_2026_10_02.json
141,matematysek/prospector,Prospector,matematysek,matematysek,https://github.com/matematysek,1,23,23,snapshot_2026_10_02.json
142,luu8358/conceptrains,conceptrains,luu8358,luu8358,https://github.com/luu8358,1,2,2,snapshot_2026_10_02.json
143,subway-builder-modded/registry,registry,subway-builder-modded-admin,Subway Builder Modded,https://subwaybuildermodded.com,2,0,0,snapshot_2026_10_02.json
