bucket_utc,listing_type,id,downloads
2026-10-01T00:00Z,map,seoul-4,5
2026-10-01T00:00Z,mod,larp-builder,1
2026-10-01T01:00Z,map,au-melbourne,1
2026-10-01T01:00Z,map,au-perth,1
2026-10-01T01:00Z,map,au-syd2,1
2026-10-01T01:00Z,map,beijing,1
2026-10-01T01:00Z,map,cancun-riviera-maya,2
2026-10-01T01:00Z,map,gangneung,1
2026-10-01T01:00Z,map,guangzhou,1
2026-10-01T01:00Z,map,jacksonville,1
2026-10-01T01:00Z,map,mfn-hong-kong,1
2026-10-01T01:00Z,map,oklahoma-city,1
2026-10-01T01:00Z,map,orlando,1
2026-10-01T01:00Z,map,san-antonio,1
2026-10-01T01:00Z,map,san-juan,1
2026-10-01T01:00Z,map,seoul-4,2
2026-10-01T01:00Z,map,shenzhen,1
2026-10-01T01:00Z,map,yukina-kumamoto,1
2026-10-01T01:00Z,map,yukina-nagano,1
2026-10-01T01:00Z,mod,auto-lines,1
2026-10-01T01:00Z,mod,citymapper,1
2026-10-01T01:00Z,mod,distance-circles,2
2026-10-01T01:00Z,mod,game-speedup,1
2026-10-01T01:00Z,mod,improved-schematics,1
2026-10-01T01:00Z,mod,induced-demand,1
2026-10-01T01:00Z,mod,japanese-trains,1
2026-10-01T01:00Z,mod,larp-builder,1
2026-10-01T01:00Z,mod,neighborhood-station-names,1
2026-10-01T01:00Z,mod,simple-trains,1
2026-10-01T01:00Z,mod,station-dots,3
2026-10-01T01:00Z,mod,subway-builder-performance,1
2026-10-01T01:00Z,mod,taiwan-trains,1
2026-10-01T01:00Z,mod,time-boost,1
2026-10-01T01:00Z,mod,track-anarchy,1
2026-10-01T01:00Z,mod,transit-overlay,1
2026-10-01T01:00Z,mod,upzoned-transit,1
2026-10-01T02:00Z,map,abu-dhabi,1
2026-10-01T02:00Z,map,aleppo,1
2026-10-01T02:00Z,map,amba,1
2026-10-01T02:00Z,map,au-adelaide,1
2026-10-01T02:00Z,map,au-brisbane,1
2026-10-01T02:00Z,map,au-melbourne,1
2026-10-01T02:00Z,map,au-perth,1
2026-10-01T02:00Z,map,baghdad,1
2026-10-01T02:00Z,map,barcelona,1
2026-10-01T02:00Z,map,beirut,1
2026-10-01T02:00Z,map,berlin-val,2
2026-10-01T02:00Z,map,bilbao,1
2026-10-01T02:00Z,map,busan-4,1
2026-10-01T02:00Z,map,calgary,1
2026-10-01T02:00Z,map,cancun-riviera-maya,1
2026-10-01T02:00Z,map,cape-town,1
2026-10-01T02:00Z,map,catania,1
2026-10-01T02:00Z,map,changwon,1
2026-10-01T02:00Z,map,ciudad-de-mexico,1
2026-10-01T02:00Z,map,damascus,2
2026-10-01T02:00Z,map,delhi,1
2026-10-01T02:00Z,map,doha,1
2026-10-01T02:00Z,map,dubai,1
2026-10-01T02:00Z,map,edmonton,1
2026-10-01T02:00Z,map,greater-portland,1
2026-10-01T02:00Z,map,hamburg,1
2026-10-01T02:00Z,map,kuwait-city,2
2026-10-01T02:00Z,map,los-angeles-county,1
2026-10-01T02:00Z,map,madrid,1
2026-10-01T02:00Z,map,milan,1
2026-10-01T02:00Z,map,montreal,4
2026-10-01T02:00Z,map,moscow-and-oblast,1
2026-10-01T02:00Z,map,mosul,1
2026-10-01T02:00Z,map,muenchen,1
2026-10-01T02:00Z,map,naples,1
2026-10-01T02:00Z,map,nuernberg,1
2026-10-01T02:00Z,map,nz-christchurch,1
2026-10-01T02:00Z,map,oklahoma-city,1
2026-10-01T02:00Z,map,ottawa,1
2026-10-01T02:00Z,map,quebec-city,1
2026-10-01T02:00Z,map,rhein-main-neckar,1
2026-10-01T02:00Z,map,rome,1
2026-10-01T02:00Z,map,rotterdam-the-hague,1
2026-10-01T02:00Z,map,san-antonio,1
2026-10-01T02:00Z,map,seoul,1
2026-10-01T02:00Z,map,seoul-4,3
2026-10-01T02:00Z,map,sofia-bulgaria,1
2026-10-01T02:00Z,map,sydney,1
2026-10-01T02:00Z,map,tampa-bay,1
2026-10-01T02:00Z,map,tel-aviv,1
2026-10-01T02:00Z,map,toronto,1
2026-10-01T02:00Z,map,turin,1
2026-10-01T02:00Z,map,vancouver,1
2026-10-01T02:00Z,map,winnipeg,1
2026-10-01T02:00Z,map,yukina-hu-budapest,1
2026-10-01T02:00Z,map,yukina-okinawa,1
2026-10-01T02:00Z,map,yukina-pl-warszawa,1
2026-10-01T02:00Z,map,yukina-ua-dnipro,1
2026-10-01T02:00Z,map,yukina-ua-kyiv,1
2026-10-01T02:00Z,map,yukina-ua-lviv,1
2026-10-01T02:00Z,mod,any-money,1
2026-10-01T02:00Z,mod,dantrains-abridged,1
2026-10-01T02:00Z,mod,improved-schematics,3
2026-10-01T02:00Z,mod,intercity-hsr-trains,1
2026-10-01T02:00Z,mod,larp-builder,2
2026-10-01T02:00Z,mod,madrid-transit-pack,1
2026-10-01T02:00Z,mod,network-status,1
2026-10-01T02:00Z,mod,scrollable-dropdowns,1
2026-10-01T02:00Z,mod,simple-trains,1
2026-10-01T02:00Z,mod,station-dots,1
2026-10-01T02:00Z,mod,track-anarchy,1
2026-10-01T03:00Z,map,amba,1
2026-10-01T03:00Z,map,cancun-riviera-maya,1
2026-10-01T03:00Z,map,catt-gran-santiago,1
2026-10-01T03:00Z,map,delhi,1
2026-10-01T03:00Z,map,seoul-4,2
2026-10-01T03:00Z,map,toronto,2
2026-10-01T03:00Z,map,toulouse,1
2026-10-01T03:00Z,mod,distance-circles,1
2026-10-01T03:00Z,mod,induced-demand,1
2026-10-01T03:00Z,mod,larp-builder,1
2026-10-01T03:00Z,mod,subway-builder-performance,1
2026-10-01T03:00Z,mod,subwaybuilder-regions,1
2026-10-01T03:00Z,mod,transit-overlay,1
2026-10-01T04:00Z,map,amsterdam,1
2026-10-01T04:00Z,map,baltimore-dc-corridor,1
2026-10-01T04:00Z,map,calgary,2
2026-10-01T04:00Z,map,greater-chicagoland,1
2026-10-01T04:00Z,map,greater-los-angeles,1
2026-10-01T04:00Z,map,mississippi,1
2026-10-01T04:00Z,map,montreal,2
2026-10-01T04:00Z,map,rhode-island,1
2026-10-01T04:00Z,map,seoul-4,2
2026-10-01T04:00Z,map,toronto,1
2026-10-01T04:00Z,map,vancouver,2
2026-10-01T04:00Z,mod,demand-developer,1
2026-10-01T04:00Z,mod,distance-circles,2
2026-10-01T04:00Z,mod,improved-schematics,1
2026-10-01T04:00Z,mod,missed-connections,2
2026-10-01T04:00Z,mod,neighborhood-station-names,1
2026-10-01T04:00Z,mod,simple-trains,1
2026-10-01T04:00Z,mod,station-dots,1
2026-10-01T04:00Z,mod,subway-builder-performance,1
2026-10-01T04:00Z,mod,time-boost,1
2026-10-01T04:00Z,mod,transit-overlay,1
2026-10-01T04:00Z,mod,upzoned-transit,2
2026-10-01T05:00Z,map,aleppo,1
2026-10-01T05:00Z,map,alicante,1
2026-10-01T05:00Z,map,amba,1
2026-10-01T05:00Z,map,amsterdam,1
2026-10-01T05:00Z,map,antalya,1
2026-10-01T05:00Z,map,bari,1
2026-10-01T05:00Z,map,beirut,1
2026-10-01T05:00Z,map,berlin-val,1
2026-10-01T05:00Z,map,bilbao,1
2026-10-01T05:00Z,map,bologna,1
2026-10-01T05:00Z,map,brussels,1
2026-10-01T05:00Z,map,cairo,1
2026-10-01T05:00Z,map,calgary,1
2026-10-01T05:00Z,map,cancun-riviera-maya,2
2026-10-01T05:00Z,map,catania,2
2026-10-01T05:00Z,map,cdmx-core,1
2026-10-01T05:00Z,map,ciudad-de-mexico,1
2026-10-01T05:00Z,map,ciudad-juarez-el-paso,1
2026-10-01T05:00Z,map,edmonton,1
2026-10-01T05:00Z,map,florence,1
2026-10-01T05:00Z,map,garda-lake,1
2026-10-01T05:00Z,map,genoa,1
2026-10-01T05:00Z,map,greater-portland,1
2026-10-01T05:00Z,map,guadalajara,2
2026-10-01T05:00Z,map,helsinki,1
2026-10-01T05:00Z,map,istanbul,1
2026-10-01T05:00Z,map,jacksonville,1
2026-10-01T05:00Z,map,knoxville,1
2026-10-01T05:00Z,map,kristiansand-no,1
2026-10-01T05:00Z,map,memphis,1
2026-10-01T05:00Z,map,monterrey,1
2026-10-01T05:00Z,map,mosul,1
2026-10-01T05:00Z,map,naples,1
2026-10-01T05:00Z,map,nz-christchurch,1
2026-10-01T05:00Z,map,opo-pt-metropolitan,1
2026-10-01T05:00Z,map,orange-county,1
2026-10-01T05:00Z,map,orlando,1
2026-10-01T05:00Z,map,oslo-no,1
2026-10-01T05:00Z,map,palermo,2
2026-10-01T05:00Z,map,pianura-emiliana,1
2026-10-01T05:00Z,map,pianura-veneta,1
2026-10-01T05:00Z,map,puerto-rico,1
2026-10-01T05:00Z,map,riviera-romagnola,1
2026-10-01T05:00Z,map,riyadh,1
2026-10-01T05:00Z,map,rochester,1
2026-10-01T05:00Z,map,rotterdam-the-hague,1
2026-10-01T05:00Z,map,saltillo,1
2026-10-01T05:00Z,map,san-antonio,2
2026-10-01T05:00Z,map,san-juan,1
2026-10-01T05:00Z,map,seoul,1
2026-10-01T05:00Z,map,seoul-4,1
2026-10-01T05:00Z,map,sevilla,1
2026-10-01T05:00Z,map,shenzhen,1
2026-10-01T05:00Z,map,sofia-bulgaria,1
2026-10-01T05:00Z,map,spokane,1
2026-10-01T05:00Z,map,tel-aviv,1
2026-10-01T05:00Z,map,toronto,1
2026-10-01T05:00Z,map,tri-cities,2
2026-10-01T05:00Z,map,trondheim-no,1
2026-10-01T05:00Z,map,turin,1
2026-10-01T05:00Z,map,yukina-akita,1
2026-10-01T05:00Z,map,yukina-kochi,1
2026-10-01T05:00Z,map,yukina-nagano,1
2026-10-01T05:00Z,map,yukina-nagasaki,1
2026-10-01T05:00Z,map,yukina-nakaumi,1
2026-10-01T05:00Z,map,yukina-pl-warszawa,1
2026-10-01T05:00Z,map,zurich,1
2026-10-01T05:00Z,mod,game-speedup,1
2026-10-01T05:00Z,mod,induced-demand,1
2026-10-01T05:00Z,mod,intercity-hsr-trains,1
2026-10-01T05:00Z,mod,japanese-trains,1
2026-10-01T05:00Z,mod,larp-builder,2
2026-10-01T05:00Z,mod,neighborhood-station-names,1
2026-10-01T05:00Z,mod,subway-builder-performance,1
2026-10-01T05:00Z,mod,upzoned-transit,2
2026-10-01T05:00Z,mod,valdotoriums-trains,1
2026-10-01T06:00Z,map,amba,3
2026-10-01T06:00Z,map,baltimore-dc-corridor,1
2026-10-01T06:00Z,map,barcelona,1
2026-10-01T06:00Z,map,busan-4,1
2026-10-01T06:00Z,map,jerusalem,1
2026-10-01T06:00Z,map,mfn-lasvegas,1
2026-10-01T06:00Z,map,sydney,4
2026-10-01T06:00Z,map,yukina-ua-dnipro,2
2026-10-01T06:00Z,map,yukina-ua-kharkiv,1
2026-10-01T06:00Z,map,yukina-ua-kryvyi-rih,1
2026-10-01T06:00Z,map,yukina-ua-kyiv,1
2026-10-01T06:00Z,map,yukina-ua-lviv,1
2026-10-01T06:00Z,map,yukina-ua-odesa,1
2026-10-01T06:00Z,map,yukina-ua-zaporizhzhia,1
2026-10-01T06:00Z,mod,auto-lines,1
2026-10-01T06:00Z,mod,basedgoat-trains,1
2026-10-01T06:00Z,mod,dantrains-abridged,1
2026-10-01T06:00Z,mod,distance-circles,1
2026-10-01T06:00Z,mod,intercity-hsr-trains,1
2026-10-01T06:00Z,mod,japanese-trains,14
2026-10-01T06:00Z,mod,la-metro-trainpack,1
2026-10-01T06:00Z,mod,noah-great-society,1
2026-10-01T06:00Z,mod,orbital-surveyor,1
2026-10-01T07:00Z,map,au-perth,1
2026-10-01T07:00Z,map,genoa,1
2026-10-01T07:00Z,map,shanghai,1
2026-10-01T07:00Z,map,toronto,1
2026-10-01T07:00Z,map,yukina-ua-kharkiv,1
2026-10-01T07:00Z,map,yukina-ua-kryvyi-rih,1
2026-10-01T07:00Z,map,yukina-ua-kyiv,1
2026-10-01T07:00Z,map,yukina-ua-lviv,1
2026-10-01T07:00Z,map,yukina-ua-odesa,1
2026-10-01T07:00Z,map,yukina-ua-zaporizhzhia,1
2026-10-01T07:00Z,mod,auto-lines,1
2026-10-01T07:00Z,mod,orbital-surveyor,2
2026-10-01T07:00Z,mod,satellite-overlay,1
2026-10-01T07:00Z,mod,station-dots,1
2026-10-01T07:00Z,mod,upzoned-transit,1
